id,@timestamp,bytes_in,client.bytes,destination.ip,dns.question.name,dns.response_code,dns.type,network.bytes,source.ip,status,client.port,destination.port,dns.flags.authentic_data,dns.id,dns.answers.data
0,2021-11-17T15:06:24.388Z,32.0,32.0,192.168.57.253,sso.reda2.com.ar,NOERROR,answer,80,192.168.170.129,OK,52682,53,False,15305,181.12.110.233
1,2021-11-17T15:06:24.385Z,41.0,41.0,192.168.57.253,www.msftconnecttest.com,NOERROR,answer,218,192.168.120.51,OK,53170,53,False,47482,"[ncsi-geo.trafficmanager.net"";""v4ncsi.msedge.net"";""ncsi.4-c-0003.c-msedge.net"";""4-c-0003.c-msedge.net"";""13.107.4.52""]"""
2,2021-11-17T15:06:24.373Z,42.0,42.0,192.168.57.253,iimawehwcudwr.reda1.com.ar,NOERROR,query,42,192.168.33.104,Error,53573,53,False,58912,
3,2021-11-17T15:06:24.373Z,37.0,37.0,192.168.57.253,yocovcii.reda1.com.ar,NOERROR,query,37,192.168.33.104,Error,62754,53,False,8636,
4,2021-11-17T15:06:24.373Z,39.0,39.0,192.168.57.253,yuzwqpemps.reda1.com.ar,NOERROR,query,39,192.168.33.104,Error,51331,53,False,15065,
5,2021-11-17T15:06:24.313Z,32.0,32.0,192.168.57.253,lab.reda1.com.ar,NOERROR,answer,80,192.168.57.210,OK,59187,53,False,40179,192.168.57.209
6,2021-11-17T15:06:24.311Z,42.0,42.0,8.8.8.8,dl.google.com,NOERROR,answer,100,192.168.57.253,OK,59919,53,False,30643,172.217.173.142
7,2021-11-17T15:06:24.310Z,31.0,31.0,192.168.57.253,dl.google.com,NOERROR,answer,78,10.3.228.117,OK,65121,53,False,52195,172.217.173.142
8,2021-11-17T15:06:24.283Z,48.0,48.0,192.168.57.253,sync.targeting.unrulymedia.com,NOERROR,answer,137,192.168.8.114,OK,56796,53,False,58409,"[sync.1rx.io"";""199.127.204.142""]"""
9,2021-11-17T15:06:24.260Z,34.0,34.0,192.168.57.253,www.msftncsi.com,NOERROR,answer,174,192.168.190.95,OK,62366,53,False,3041,"[www.msftncsi.com.edgesuite.net"";""a1961.g2.akamai.net"";""181.30.131.59"";""181.30.131.177""]"""
10,2021-11-17T15:06:24.259Z,42.0,42.0,192.168.57.253,www.googleadservices.com,NOERROR,answer,100,192.168.127.71,OK,60659,53,False,4802,142.250.79.162
11,2021-11-17T15:06:24.242Z,42.0,42.0,8.8.8.8,c1.rfihub.net,NOERROR,answer,187,192.168.57.253,OK,62321,53,False,61506,"[dosnujlvxkgze.cloudfront.net"";""13.227.92.64"";""13.227.92.86"";""13.227.92.57"";""13.227.92.55""]"""
12,2021-11-17T15:06:24.241Z,50.0,50.0,8.8.8.8,tracker.metricool.com,NOERROR,answer,257,192.168.57.253,OK,61949,53,False,39347,"[104.26.3.144"";""172.67.70.245"";""104.26.2.144"";""gD9i1u9LQ/xSPZgv/gIlvrstYjmfzXkeczlLgtvaErpCmfzYBFafox0PCudQNjcu2LYcQ1VaEdpPKgU3sKcW4Q==""]"""
13,2021-11-17T15:06:24.241Z,31.0,31.0,192.168.57.253,c1.rfihub.net,NOERROR,answer,165,192.168.127.71,OK,60302,53,False,19460,"[dosnujlvxkgze.cloudfront.net"";""13.227.92.64"";""13.227.92.86"";""13.227.92.57"";""13.227.92.55""]"""
14,2021-11-17T15:06:24.240Z,78.0,78.0,8.8.8.8,ocos-office365-s2s-msedge-net.e-0009.e-msedge.net,NOERROR,answer,186,192.168.57.253,OK,61530,53,False,10284,"[e-0009.e-msedge.net"";""13.107.5.88""]"""
15,2021-11-17T15:06:24.240Z,47.0,47.0,192.168.57.253,ocos-office365-s2s.msedge.net,NOERROR,answer,184,192.168.70.103,OK,51839,53,False,47762,"[ocos-office365-s2s-msedge-net.e-0009.e-msedge.net"";""e-0009.e-msedge.net"";""13.107.5.88""]"""
16,2021-11-17T15:06:24.240Z,39.0,39.0,192.168.57.253,tracker.metricool.com,NOERROR,answer,126,192.168.127.71,OK,55487,53,False,63605,"[104.26.3.144"";""172.67.70.245"";""104.26.2.144""]"""
17,2021-11-17T15:06:24.235Z,38.0,38.0,192.168.57.253,connect.facebook.net,NOERROR,answer,124,192.168.127.71,OK,50667,53,False,23383,"[scontent.xx.fbcdn.net"";""31.13.94.24""]"""
18,2021-11-17T15:06:24.231Z,51.0,51.0,8.8.8.8,lejanosurviajes.com.ar,NOERROR,answer,118,192.168.57.253,OK,61804,53,False,30549,204.197.245.122
19,2021-11-17T15:06:24.230Z,40.0,40.0,192.168.57.253,lejanosurviajes.com.ar,NOERROR,answer,96,192.168.235.108,OK,57276,53,False,60424,204.197.245.122
20,2021-11-17T15:06:24.185Z,41.0,41.0,192.168.57.253,stats.g.doubleclick.net,NOERROR,answer,168,192.168.127.71,OK,61396,53,False,22595,"[stats.l.doubleclick.net"";""142.251.0.157"";""142.251.0.154"";""142.251.0.155"";""142.251.0.156""]"""
21,2021-11-17T15:06:24.173Z,38.0,38.0,192.168.57.253,registry-1.docker.io,NOERROR,answer,160,192.168.57.30,OK,55833,53,False,54824,
22,2021-11-17T15:06:24.173Z,38.0,38.0,192.168.57.253,registry-1.docker.io,NOERROR,answer,204,192.168.57.30,OK,60056,53,False,40476,"[107.23.149.57"";""52.204.76.244"";""34.238.187.50"";""3.226.210.61"";""54.161.109.204"";""54.227.211.229"";""34.192.145.113"";""3.229.227.53""]"""
23,2021-11-17T15:06:24.140Z,,,192.168.57.253,wpad.reda1.com.ar,NOERROR,answer,96,192.168.170.147,Error,61909,53,False,52243,
24,2021-11-17T15:06:24.140Z,,,192.168.57.253,wpad.reda1.com.ar,NOERROR,answer,96,192.168.140.143,Error,62224,53,False,65398,
25,2021-11-17T15:06:24.140Z,44.0,44.0,200.32.10.123,creativecdn.com,NOERROR,answer,166,192.168.57.253,OK,61242,53,False,30067,
26,2021-11-17T15:06:24.140Z,57.0,57.0,200.32.10.115,googleads4.g.doubleclick.net,NOERROR,answer,174,192.168.57.253,OK,61484,53,False,36764,
27,2021-11-17T15:06:24.140Z,46.0,46.0,200.32.10.115,lax1-ib.adnxs.com,NOERROR,answer,309,192.168.57.253,OK,60048,53,False,42229,"[104.254.148.196"";""104.254.148.165"";""104.254.148.133"";""104.254.149.101"";""104.254.148.166"";""104.254.148.83"";""104.254.148.198"";""104.254.148.144"";""104.254.149.100""]"""
28,2021-11-17T15:06:24.125Z,46.0,46.0,192.168.57.253,cdn.content.prod.cms.msn.com,NOERROR,answer,199,192.168.10.186,OK,64724,53,False,51001,"[cdn.content.prod.cms.msn.com.edgekey.net"";""e10663.dscg.akamaiedge.net"";""23.197.227.42""]"""
29,2021-11-17T15:06:24.116Z,52.0,52.0,8.8.8.8,e14277.f.akamaiedge.net,NOERROR,answer,120,192.168.57.253,OK,60662,53,False,18752,23.55.95.95
30,2021-11-17T15:06:24.115Z,34.0,34.0,192.168.57.253,pxdrop.lijit.com,NOERROR,answer,166,192.168.170.146,OK,62429,53,False,6194,"[cert1.a2.atm.aqfer.net.edgekey.net"";""e14277.f.akamaiedge.net"";""23.55.95.95""]"""
31,2021-11-17T15:06:24.088Z,90.0,90.0,8.8.8.8,edger-edger-stripe2-ipv4-57604535.us-east-2.elb.amazonaws.com,NOERROR,answer,262,192.168.57.253,OK,60166,53,False,11041,
32,2021-11-17T15:06:24.087Z,79.0,79.0,192.168.57.253,edger-edger-stripe2-ipv4-57604535.us-east-2.elb.amazonaws.com,NOERROR,answer,240,192.168.250.102,OK,63690,53,False,50180,
33,2021-11-17T15:06:24.020Z,50.0,50.0,8.8.8.8,img1.elliberal.com.ar,NOERROR,answer,156,192.168.57.253,OK,61882,53,False,9510,"[2606:4700:3031::ac43:bb8d"";""2606:4700:3030::6815:746""]"""
34,2021-11-17T15:06:24.019Z,39.0,39.0,192.168.57.253,img1.elliberal.com.ar,NOERROR,answer,134,192.168.250.102,OK,61086,53,False,58099,"[2606:4700:3031::ac43:bb8d"";""2606:4700:3030::6815:746""]"""
35,2021-11-17T15:06:24.018Z,32.0,32.0,192.168.57.253,api.reda2.com.ar,NOERROR,answer,80,192.168.20.82,OK,54732,53,False,25820,181.12.110.233
36,2021-11-17T15:06:24.008Z,50.0,50.0,8.8.8.8,img2.elliberal.com.ar,NOERROR,answer,156,192.168.57.253,OK,60022,53,False,27440,"[2606:4700:3030::6815:746"";""2606:4700:3031::ac43:bb8d""]"""
37,2021-11-17T15:06:24.007Z,39.0,39.0,192.168.57.253,img2.elliberal.com.ar,NOERROR,answer,134,192.168.250.102,OK,51631,53,False,32433,"[2606:4700:3030::6815:746"";""2606:4700:3031::ac43:bb8d""]"""
38,2021-11-17T15:06:23.974Z,50.0,50.0,8.8.8.8,img4.elliberal.com.ar,NOERROR,answer,156,192.168.57.253,OK,60434,53,False,15356,"[2606:4700:3031::ac43:bb8d"";""2606:4700:3030::6815:746""]"""
39,2021-11-17T15:06:23.973Z,39.0,39.0,192.168.57.253,img4.elliberal.com.ar,NOERROR,answer,134,192.168.250.102,OK,61814,53,False,32306,"[2606:4700:3031::ac43:bb8d"";""2606:4700:3030::6815:746""]"""
40,2021-11-17T15:06:23.962Z,84.0,84.0,8.8.8.8,redirect.prod.experiment.routing.cloudfront.aws.a2z.com,NOERROR,answer,367,192.168.57.253,OK,60400,53,False,45336,"[redirect.stripe2.prod.experiment.routing.cloudfront.aws.a2z.com"";""edger-edger-stripe2-ipv4-57604535.us-east-2.elb.amazonaws.com"";""3.130.37.248"";""3.17.33.216"";""18.118.38.130"";""3.142.157.144"";""3.136.24.186"";""3.19.169.111""]"""
41,2021-11-17T15:06:23.961Z,73.0,73.0,192.168.57.253,redirect.prod.experiment.routing.cloudfront.aws.a2z.com,NOERROR,answer,345,192.168.250.102,OK,61575,53,False,57325,"[redirect.stripe2.prod.experiment.routing.cloudfront.aws.a2z.com"";""edger-edger-stripe2-ipv4-57604535.us-east-2.elb.amazonaws.com"";""3.130.37.248"";""3.17.33.216"";""18.118.38.130"";""3.142.157.144"";""3.136.24.186"";""3.19.169.111""]"""
42,2021-11-17T15:06:23.948Z,58.0,58.0,8.8.8.8,d31qbv1cthcecs.cloudfront.net,NOERROR,answer,197,192.168.57.253,OK,60592,53,False,25360,
43,2021-11-17T15:06:23.947Z,47.0,47.0,192.168.57.253,d31qbv1cthcecs.cloudfront.net,NOERROR,answer,175,192.168.250.102,OK,50914,53,False,54101,
44,2021-11-17T15:06:23.945Z,53.0,53.0,8.8.8.8,certify.alexametrics.com,NOERROR,answer,170,192.168.57.253,OK,62344,53,False,51014,"[13.227.92.45"";""13.227.92.32"";""13.227.92.19"";""13.227.92.5""]"""
45,2021-11-17T15:06:23.944Z,42.0,42.0,192.168.57.253,certify.alexametrics.com,NOERROR,answer,148,192.168.250.102,OK,55203,53,False,27963,"[13.227.92.45"";""13.227.92.32"";""13.227.92.19"";""13.227.92.5""]"""
46,2021-11-17T15:06:23.939Z,42.0,42.0,192.168.57.253,www.googletagmanager.com,NOERROR,answer,144,192.168.127.71,OK,50060,53,False,41732,"[www-googletagmanager.l.google.com"";""216.58.202.104""]"""
47,2021-11-17T15:06:23.933Z,50.0,50.0,8.8.8.8,img1.elliberal.com.ar,NOERROR,answer,132,192.168.57.253,OK,61503,53,False,38429,"[172.67.187.141"";""104.21.7.70""]"""
48,2021-11-17T15:06:23.932Z,50.0,50.0,8.8.8.8,img2.elliberal.com.ar,NOERROR,answer,132,192.168.57.253,OK,60094,53,False,60587,"[172.67.187.141"";""104.21.7.70""]"""
49,2021-11-17T15:06:23.932Z,39.0,39.0,192.168.57.253,img1.elliberal.com.ar,NOERROR,answer,110,192.168.250.102,OK,49424,53,False,10028,"[172.67.187.141"";""104.21.7.70""]"""
50,2021-11-17T15:06:23.931Z,39.0,39.0,192.168.57.253,img2.elliberal.com.ar,NOERROR,answer,110,192.168.250.102,OK,56157,53,False,46463,"[172.67.187.141"";""104.21.7.70""]"""
51,2021-11-17T15:06:23.900Z,50.0,50.0,8.8.8.8,us-east-tlx.3lift.com,NOERROR,answer,228,192.168.57.253,OK,61013,53,False,7141,"[54.210.145.140"";""18.233.107.188"";""34.202.184.61"";""23.21.49.58"";""52.23.29.133"";""52.1.1.63"";""3.91.114.10"";""52.206.10.65""]"""
52,2021-11-17T15:06:23.899Z,31.0,31.0,192.168.57.253,tlx.3lift.com,NOERROR,answer,216,192.168.8.114,OK,56373,53,False,38042,"[us-east-tlx.3lift.com"";""54.210.145.140"";""18.233.107.188"";""34.202.184.61"";""23.21.49.58"";""52.23.29.133"";""52.1.1.63"";""3.91.114.10"";""52.206.10.65""]"""
53,2021-11-17T15:06:23.887Z,32.0,32.0,192.168.57.253,adx.adform.net,NOERROR,answer,200,192.168.8.114,OK,51073,53,False,41487,"[track-eu.adformnet.akadns.net"";""37.157.2.239"";""37.157.2.236"";""37.157.2.234"";""37.157.2.235"";""37.157.2.237"";""37.157.2.238""]"""
54,2021-11-17T15:06:23.884Z,58.0,58.0,8.8.8.8,d31qbv1cthcecs.cloudfront.net,NOERROR,answer,180,192.168.57.253,OK,61168,53,False,5101,"[13.227.92.21"";""13.227.92.120"";""13.227.92.30"";""13.227.92.93""]"""
55,2021-11-17T15:06:23.883Z,47.0,47.0,192.168.57.253,d31qbv1cthcecs.cloudfront.net,NOERROR,answer,158,192.168.250.102,OK,63106,53,False,30567,"[13.227.92.21"";""13.227.92.120"";""13.227.92.30"";""13.227.92.93""]"""
56,2021-11-17T15:06:23.881Z,43.0,43.0,8.8.8.8,script.4dex.io,NOERROR,answer,134,192.168.57.253,OK,61259,53,False,9308,"[172.67.75.241"";""104.26.8.169"";""104.26.9.169""]"""
57,2021-11-17T15:06:23.880Z,32.0,32.0,192.168.57.253,script.4dex.io,NOERROR,answer,112,192.168.8.114,OK,59898,53,False,18837,"[172.67.75.241"";""104.26.8.169"";""104.26.9.169""]"""
58,2021-11-17T15:06:23.878Z,53.0,53.0,8.8.8.8,iad-2-sync.go.sonobi.com,NOERROR,answer,171,192.168.57.253,OK,60289,53,False,27725,
59,2021-11-17T15:06:23.878Z,50.0,50.0,8.8.8.8,collect.tealiumiq.com,NOERROR,answer,228,192.168.57.253,OK,60304,53,False,43022,"[18.207.31.90"";""107.20.57.32"";""52.21.88.144"";""3.215.162.155"";""23.23.143.235"";""54.83.227.76"";""34.201.87.201"";""52.54.252.147""]"""
60,2021-11-17T15:06:23.877Z,42.0,42.0,192.168.57.253,iad-2-sync.go.sonobi.com,NOERROR,answer,149,192.168.71.127,OK,50859,53,False,5336,
61,2021-11-17T15:06:23.877Z,39.0,39.0,192.168.57.253,collect.tealiumiq.com,NOERROR,answer,206,192.168.143.52,OK,54214,53,False,36203,"[18.207.31.90"";""107.20.57.32"";""52.21.88.144"";""3.215.162.155"";""23.23.143.235"";""54.83.227.76"";""34.201.87.201"";""52.54.252.147""]"""
62,2021-11-17T15:06:23.871Z,45.0,45.0,192.168.57.253,h2.shared.global.fastly.net,NOERROR,answer,154,192.168.71.127,OK,64379,53,False,29882,"[151.101.66.49"";""151.101.130.49"";""151.101.194.49"";""151.101.2.49""]"""
63,2021-11-17T15:06:23.866Z,93.0,93.0,8.8.8.8,61b8775af1c8f01b8551f2e14ff0a3e9.safeframe.googlesyndication.com,NOERROR,answer,245,192.168.57.253,OK,60353,53,False,11832,"[pagead-googlehosted.l.google.com"";""142.250.79.129""]"""
64,2021-11-17T15:06:23.865Z,82.0,82.0,192.168.57.253,61b8775af1c8f01b8551f2e14ff0a3e9.safeframe.googlesyndication.com,NOERROR,answer,223,192.168.160.117,OK,59906,53,False,31902,"[pagead-googlehosted.l.google.com"";""142.250.79.129""]"""
65,2021-11-17T15:06:23.841Z,42.0,42.0,192.168.57.253,iad-2-sync.go.sonobi.com,NOERROR,answer,100,192.168.71.127,OK,54866,53,False,31559,69.166.1.10
66,2021-11-17T15:06:23.830Z,41.0,41.0,192.168.57.253,stats.g.doubleclick.net,NOERROR,answer,168,192.168.143.52,OK,62204,53,False,16535,"[stats.l.doubleclick.net"";""142.251.0.156"";""142.251.0.157"";""142.251.0.154"";""142.251.0.155""]"""
67,2021-11-17T15:06:23.799Z,32.0,32.0,192.168.57.253,dmp.adform.net,NOERROR,answer,133,192.168.151.51,OK,62457,53,False,3814,"[track.adformnet.akadns.net"";""185.167.164.39"";""185.167.164.37""]"""
68,2021-11-17T15:06:23.799Z,42.0,42.0,8.8.8.8,ps.eyeota.net,NOERROR,answer,100,192.168.57.253,OK,61032,53,False,32337,3.234.8.37
69,2021-11-17T15:06:23.798Z,31.0,31.0,192.168.57.253,ps.eyeota.net,NOERROR,answer,78,192.168.151.51,OK,50072,53,False,25732,3.234.8.37
70,2021-11-17T15:06:23.794Z,44.0,44.0,8.8.8.8,ads.vidoomy.com,NOERROR,answer,148,192.168.57.253,OK,60079,53,False,46985,
71,2021-11-17T15:06:23.793Z,33.0,33.0,192.168.57.253,ads.vidoomy.com,NOERROR,answer,126,192.168.250.102,OK,63028,53,False,45442,
72,2021-11-17T15:06:23.746Z,47.0,47.0,192.168.57.253,pagead2.googlesyndication.com,NOERROR,answer,110,192.168.9.98,OK,58987,53,False,50177,142.250.79.162
73,2021-11-17T15:06:23.738Z,51.0,51.0,192.168.57.253,cookie-matching.mediarithmics.com,NOERROR,answer,247,192.168.8.114,OK,58543,53,False,44205,"[lb.mediarithmics.com"";""5.135.244.17"";""213.32.46.50"";""213.32.46.11"";""94.23.123.30"";""51.68.57.158"";""54.37.103.83"";""51.68.57.71"";""164.132.158.126""]"""
74,2021-11-17T15:06:23.726Z,67.0,67.0,8.8.8.8,images.engage.es-pt.thomsonreuters.com,NOERROR,answer,282,192.168.57.253,OK,61921,53,False,27195,"[s570777387.sc.en25.com"";""s570777387.sc.en25.com.edgekey.net"";""e120937.x.akamaiedge.net"";""200.42.50.74"";""200.42.50.25""]"""
75,2021-11-17T15:06:23.725Z,56.0,56.0,192.168.57.253,images.engage.es-pt.thomsonreuters.com,NOERROR,answer,260,10.3.193.128,OK,58448,53,False,10065,"[s570777387.sc.en25.com"";""s570777387.sc.en25.com.edgekey.net"";""e120937.x.akamaiedge.net"";""200.42.50.74"";""200.42.50.25""]"""
76,2021-11-17T15:06:23.663Z,40.0,40.0,192.168.57.253,client.wns.windows.com,NOERROR,answer,139,10.3.229.75,OK,53302,53,False,22625,"[wns.notify.trafficmanager.net"";""52.226.139.185""]"""
77,2021-11-17T15:06:23.650Z,40.0,40.0,192.168.57.253,client.wns.windows.com,NOERROR,answer,139,192.168.160.126,OK,54538,53,False,23063,"[wns.notify.trafficmanager.net"";""52.226.139.185""]"""
78,2021-11-17T15:06:23.649Z,46.0,46.0,8.8.8.8,lam.vap.lijit.com,NOERROR,answer,140,192.168.57.253,OK,61774,53,False,14425,"[69.175.41.44"";""69.175.41.79"";""69.175.41.32""]"""
79,2021-11-17T15:06:23.648Z,30.0,30.0,192.168.57.253,ap.lijit.com,NOERROR,answer,144,192.168.8.114,OK,55967,53,False,61961,"[vap.lijit.com"";""lam.vap.lijit.com"";""69.175.41.44"";""69.175.41.79"";""69.175.41.32""]"""
80,2021-11-17T15:06:23.595Z,33.0,33.0,192.168.57.253,mail.google.com,NOERROR,answer,109,192.168.10.207,OK,65310,53,False,6195,"[googlemail.l.google.com"";""172.217.172.101""]"""
81,2021-11-17T15:06:23.595Z,49.0,49.0,8.8.8.8,www.elliberal.com.ar,NOERROR,answer,154,192.168.57.253,OK,61054,53,False,51720,"[2606:4700:3031::ac43:bb8d"";""2606:4700:3030::6815:746""]"""
82,2021-11-17T15:06:23.594Z,38.0,38.0,192.168.57.253,www.elliberal.com.ar,NOERROR,answer,132,192.168.250.102,OK,57891,53,False,32220,"[2606:4700:3031::ac43:bb8d"";""2606:4700:3030::6815:746""]"""
83,2021-11-17T15:06:23.524Z,43.0,43.0,8.8.8.8,auth.docker.io,NOERROR,answer,170,192.168.57.253,OK,60490,53,False,59088,
84,2021-11-17T15:06:23.524Z,43.0,43.0,8.8.8.8,auth.docker.io,NOERROR,answer,214,192.168.57.253,OK,60800,53,False,25740,"[52.72.232.213"";""3.229.227.53"";""3.209.182.229"";""34.198.213.42"";""34.238.187.50"";""18.214.230.110"";""54.85.56.253"";""34.192.145.113""]"""
85,2021-11-17T15:06:23.523Z,32.0,32.0,192.168.57.253,auth.docker.io,NOERROR,answer,148,192.168.57.30,OK,59306,53,False,45768,
86,2021-11-17T15:06:23.523Z,32.0,32.0,192.168.57.253,auth.docker.io,NOERROR,answer,192,192.168.57.30,OK,33321,53,False,23043,"[52.72.232.213"";""3.229.227.53"";""3.209.182.229"";""34.198.213.42"";""34.238.187.50"";""18.214.230.110"";""54.85.56.253"";""34.192.145.113""]"""
87,2021-11-17T15:06:23.516Z,49.0,49.0,8.8.8.8,www.elliberal.com.ar,NOERROR,answer,130,192.168.57.253,OK,61453,53,False,46969,"[172.67.187.141"";""104.21.7.70""]"""
88,2021-11-17T15:06:23.515Z,38.0,38.0,192.168.57.253,www.elliberal.com.ar,NOERROR,answer,108,192.168.250.102,OK,50344,53,False,16839,"[172.67.187.141"";""104.21.7.70""]"""
89,2021-11-17T15:06:23.500Z,54.0,54.0,8.8.8.8,www.bancopatagonia.com.ar,NOERROR,answer,138,192.168.57.253,OK,62295,53,False,65299,"[bancopatagonia.com.ar"";""45.224.184.137""]"""
90,2021-11-17T15:06:23.499Z,43.0,43.0,192.168.57.253,www.bancopatagonia.com.ar,NOERROR,answer,116,192.168.127.71,OK,63492,53,False,9,"[bancopatagonia.com.ar"";""45.224.184.137""]"""
91,2021-11-17T15:06:23.496Z,31.0,31.0,192.168.57.253,gu.dyntrk.com,NOERROR,answer,243,192.168.8.114,OK,51406,53,False,14848,"[bl1-us.dyntrk.com"";""135.148.55.26"";""135.148.55.36"";""51.161.117.183"";""51.161.117.182"";""135.148.122.24"";""51.81.106.33"";""51.161.118.168"";""135.148.55.37"";""51.161.117.180"";""51.161.117.181""]"""
92,2021-11-17T15:06:23.476Z,93.0,93.0,8.8.8.8,c20398268fc3fff08571891bbd151802.safeframe.googlesyndication.com,NOERROR,answer,245,192.168.57.253,OK,61019,53,False,17798,"[pagead-googlehosted.l.google.com"";""142.250.79.129""]"""
93,2021-11-17T15:06:23.475Z,82.0,82.0,192.168.57.253,c20398268fc3fff08571891bbd151802.safeframe.googlesyndication.com,NOERROR,answer,223,192.168.9.98,OK,63114,53,False,20724,"[pagead-googlehosted.l.google.com"";""142.250.79.129""]"""
94,2021-11-17T15:06:23.335Z,47.0,47.0,8.8.8.8,sync.tubemogul.com,NOERROR,answer,219,192.168.57.253,OK,60740,53,False,7999,"[syncf.tubemogul.com"";""h2.shared.global.fastly.net"";""151.101.2.49"";""151.101.66.49"";""151.101.130.49"";""151.101.194.49""]"""
95,2021-11-17T15:06:23.334Z,41.0,41.0,192.168.57.253,sync-tm.everesttech.net,NOERROR,answer,236,192.168.8.114,OK,61832,53,False,1044,"[sync.tubemogul.com"";""syncf.tubemogul.com"";""h2.shared.global.fastly.net"";""151.101.2.49"";""151.101.66.49"";""151.101.130.49"";""151.101.194.49""]"""
96,2021-11-17T15:06:23.276Z,39.0,39.0,192.168.57.253,bid.g.doubleclick.net,NOERROR,answer,358,10.4.7.29,OK,58537,53,False,25441,"[ads-bid.l.doubleclick.net"";""142.250.0.157"";""64.233.186.157"";""142.251.0.154"";""64.233.190.157"";""64.233.190.154"";""64.233.190.156"";""172.217.192.154"";""64.233.186.155"";""172.217.192.155"";""64.233.186.154"";""172.217.192.156"";""142.251.0.157"";""64.233.190.155"";""142.251.0.155"";""64.233.186.156"";""142.251.0.156""]"""
97,2021-11-17T15:06:23.264Z,42.0,42.0,192.168.57.253,zmztyiutpioam.reda1.com.ar,NOERROR,answer,147,192.168.33.104,OK,54591,53,False,59381,
98,2021-11-17T15:06:23.264Z,39.0,39.0,192.168.57.253,ijaxbjhfvu.reda1.com.ar,NOERROR,answer,141,192.168.33.104,OK,62916,53,False,42340,
99,2021-11-17T15:06:23.264Z,42.0,42.0,192.168.57.253,xdumrqorgrrtu.reda1.com.ar,NOERROR,answer,147,192.168.33.104,OK,65158,53,False,4354,
100,2021-11-17T15:06:23.228Z,,,192.168.57.253,lurpebp.reda1.com.ar,NOERROR,answer,99,192.168.33.104,Error,51184,53,False,30666,
101,2021-11-17T15:06:23.228Z,,,192.168.57.253,vngnpeht.reda1.com.ar,NOERROR,answer,100,192.168.33.104,Error,59462,53,False,13162,
102,2021-11-17T15:06:23.228Z,,,192.168.57.253,ncnvxxavydoeyry.reda1.com.ar,NOERROR,answer,107,192.168.33.104,Error,59324,53,False,62809,
103,2021-11-17T15:06:23.227Z,,,192.168.57.253,wpad.reda1.com.ar,NOERROR,answer,96,192.168.25.121,Error,51786,53,False,35556,
104,2021-11-17T15:06:23.227Z,,,192.168.57.253,scomdev.reda1.com.ar,NOERROR,answer,99,192.168.57.188,Error,60944,53,False,42039,
105,2021-11-17T15:06:23.227Z,,,192.168.57.253,scomdev.reda1.com.ar,NOERROR,answer,99,192.168.57.188,Error,54220,53,False,51520,
106,2021-11-17T15:06:23.226Z,62.0,62.0,200.32.10.115,real.rotation.guce.aws.oath.cloud,NOERROR,answer,487,192.168.57.253,OK,60592,53,False,59541,"[prod-rotation-v2.guce.aws.oath.cloud"";""52.22.142.223"";""54.237.228.217"";""34.193.214.89"";""3.230.23.86"";""3.217.214.98"";""52.203.53.168"";""107.23.49.124"";""3.213.232.206""]"""
107,2021-11-17T15:06:23.196Z,50.0,50.0,8.8.8.8,a1953.dscd.akamai.net,NOERROR,answer,132,192.168.57.253,OK,62029,53,False,58169,"[200.42.33.58"";""200.42.33.83""]"""
108,2021-11-17T15:06:23.195Z,38.0,38.0,192.168.57.253,ardownload.adobe.com,NOERROR,answer,188,192.168.160.60,OK,57121,53,False,57637,"[ardownload.adobe.com.edgesuite.net"";""a1953.dscd.akamai.net"";""200.42.33.58"";""200.42.33.83""]"""
109,2021-11-17T15:06:23.188Z,65.0,65.0,8.8.8.8,wildcard46.go-mpulse.net.edgekey.net,NOERROR,answer,185,192.168.57.253,OK,60451,53,False,59805,"[e4518.dscapi7.akamaiedge.net"";""23.197.234.48""]"""
110,2021-11-17T15:06:23.187Z,33.0,33.0,192.168.57.253,c.go-mpulse.net,NOERROR,answer,168,192.168.9.98,OK,54948,53,False,37165,"[wildcard46.go-mpulse.net.edgekey.net"";""e4518.dscapi7.akamaiedge.net"";""23.197.234.48""]"""
111,2021-11-17T15:06:23.185Z,36.0,36.0,192.168.57.253,ping.chartbeat.net,NOERROR,answer,200,192.168.9.98,OK,51466,53,False,57094,"[18.204.74.96"";""3.209.102.28"";""52.6.105.15"";""52.86.105.134"";""54.163.236.63"";""34.192.234.155"";""18.211.94.94"";""3.216.115.51""]"""
112,2021-11-17T15:06:23.182Z,55.0,55.0,8.8.8.8,genoa-player-api.vodgc.net,NOERROR,answer,225,192.168.57.253,OK,61068,53,False,17123,"[genoa-player-api.vodgc.net.akamaized.net"";""a290.dscg2.akamai.net"";""201.212.32.186"";""201.212.32.194""]"""
113,2021-11-17T15:06:23.181Z,44.0,44.0,192.168.57.253,genoa-player-api.vodgc.net,NOERROR,answer,203,192.168.152.83,OK,61736,53,False,49857,"[genoa-player-api.vodgc.net.akamaized.net"";""a290.dscg2.akamai.net"";""201.212.32.186"";""201.212.32.194""]"""
114,2021-11-17T15:06:23.127Z,35.0,35.0,192.168.57.253,www.google.com.ar,NOERROR,answer,86,192.168.9.98,OK,50955,53,False,7806,142.250.79.67
115,2021-11-17T15:06:23.071Z,49.0,49.0,8.8.8.8,us.cdn.eltribuno.com,NOERROR,answer,316,192.168.57.253,OK,61055,53,False,57706,"[us.cdn.eltribuno.com.herokudns.com"";""3.220.57.224"";""52.20.78.240"";""54.91.59.199"";""3.232.242.170"";""8H9bEa2nprFIRa7qS5z6CuHkv6wkY2ZPkOVdrZ3PRsjrzpIF+GWKj4vHhiMDq45/1YYFUPCRuNiy6I2SwLyFAg==""]"""
116,2021-11-17T15:06:23.070Z,38.0,38.0,192.168.57.253,us.cdn.eltribuno.com,NOERROR,answer,185,10.3.228.126,OK,58327,53,False,1117,"[us.cdn.eltribuno.com.herokudns.com"";""3.220.57.224"";""52.20.78.240"";""54.91.59.199"";""3.232.242.170""]"""
117,2021-11-17T15:06:23.045Z,54.0,54.0,8.8.8.8,22-courier.push.apple.com,NOERROR,answer,231,192.168.57.253,OK,62289,53,False,30848,"[22.courier-push-apple.com.akadns.net"";""us-se-courier-4.push-apple.com.akadns.net"";""17.57.144.148"";""17.57.144.150""]"""
118,2021-11-17T15:06:23.044Z,43.0,43.0,192.168.57.253,22-courier.push.apple.com,NOERROR,answer,209,192.168.11.134,OK,61889,53,False,21496,"[22.courier-push-apple.com.akadns.net"";""us-se-courier-4.push-apple.com.akadns.net"";""17.57.144.148"";""17.57.144.150""]"""
119,2021-11-17T15:06:22.958Z,35.0,35.0,192.168.57.253,www.google.com.ar,NOERROR,answer,86,192.168.160.117,OK,53485,53,False,1547,142.250.79.67
120,2021-11-17T15:06:22.949Z,33.0,33.0,192.168.57.253,wpad.reda1.com.ar,NOERROR,answer,129,10.4.5.108,OK,52774,53,False,47051,
121,2021-11-17T15:06:22.903Z,49.0,49.0,8.8.8.8,registry-1.docker.io,NOERROR,answer,226,192.168.57.253,OK,62075,53,False,41615,"[3.229.227.53"";""107.23.149.57"";""52.204.76.244"";""34.238.187.50"";""3.226.210.61"";""54.161.109.204"";""54.227.211.229"";""34.192.145.113""]"""
122,2021-11-17T15:06:22.903Z,49.0,49.0,8.8.8.8,registry-1.docker.io,NOERROR,answer,182,192.168.57.253,OK,60167,53,False,20589,
123,2021-11-17T15:06:22.901Z,43.0,43.0,192.168.57.253,www.googletagservices.com,NOERROR,answer,102,192.168.71.127,OK,63072,53,False,19796,142.250.79.162
124,2021-11-17T15:06:22.901Z,38.0,38.0,192.168.57.253,registry-1.docker.io,NOERROR,answer,204,192.168.57.30,OK,41596,53,False,21058,"[3.229.227.53"";""107.23.149.57"";""52.204.76.244"";""34.238.187.50"";""3.226.210.61"";""54.161.109.204"";""54.227.211.229"";""34.192.145.113""]"""
125,2021-11-17T15:06:22.901Z,38.0,38.0,192.168.57.253,registry-1.docker.io,NOERROR,answer,160,192.168.57.30,OK,58115,53,False,62884,
126,2021-11-17T15:06:22.899Z,54.0,54.0,8.8.8.8,conversation-user.aivo.co,NOERROR,answer,172,192.168.57.253,OK,60578,53,False,36359,"[34.195.178.129"";""54.88.48.175"";""18.214.131.179"";""34.225.21.107""]"""
127,2021-11-17T15:06:22.898Z,43.0,43.0,192.168.57.253,conversation-user.aivo.co,NOERROR,answer,150,192.168.192.66,OK,60105,53,False,41294,"[34.195.178.129"";""54.88.48.175"";""18.214.131.179"";""34.225.21.107""]"""
128,2021-11-17T15:06:22.861Z,33.0,33.0,192.168.57.253,wpad.reda1.com.ar,NOERROR,answer,129,192.168.43.58,OK,56933,53,False,47007,
129,2021-11-17T15:06:22.846Z,34.0,34.0,192.168.57.253,piwik.reda1.com.ar,NOERROR,answer,84,192.168.40.145,OK,49476,53,False,13507,10.40.1.240
130,2021-11-17T15:06:22.814Z,78.0,78.0,8.8.8.8,iris-de-prod-azsc-eus2.eastus2.cloudapp.azure.com,NOERROR,answer,172,192.168.57.253,OK,60674,53,False,7595,52.184.206.73
131,2021-11-17T15:06:22.813Z,35.0,35.0,192.168.57.253,dynmsg.modpim.com,NOERROR,answer,204,192.168.11.126,OK,60748,53,False,13905,"[arc.msn.com"";""arc.trafficmanager.net"";""iris-de-prod-azsc-eus2.eastus2.cloudapp.azure.com"";""52.184.206.73""]"""
132,2021-11-17T15:06:22.805Z,45.0,45.0,8.8.8.8,c1.microsoft.com,NOERROR,answer,174,192.168.57.253,OK,60585,53,False,4325,"[c.msn.com"";""c-msn-com-nsatc.trafficmanager.net"";""20.36.253.92""]"""
133,2021-11-17T15:06:22.804Z,34.0,34.0,192.168.57.253,c1.microsoft.com,NOERROR,answer,152,192.168.118.200,OK,53002,53,False,18028,"[c.msn.com"";""c-msn-com-nsatc.trafficmanager.net"";""20.36.253.92""]"""
134,2021-11-17T15:06:22.774Z,33.0,33.0,192.168.57.253,wpad.reda1.com.ar,NOERROR,answer,129,192.168.40.103,OK,61989,53,False,48559,
135,2021-11-17T15:06:22.723Z,57.0,57.0,8.8.8.8,ads.projectagoraservices.com,NOERROR,answer,234,192.168.57.253,OK,61030,53,False,18683,"[ads.projectagoraservices.com.akamaized.net"";""a1829.dscd.akamai.net"";""201.212.32.177"";""201.212.32.203""]"""
136,2021-11-17T15:06:22.722Z,46.0,46.0,192.168.57.253,ads.projectagoraservices.com,NOERROR,answer,212,192.168.8.114,OK,50923,53,False,24298,"[ads.projectagoraservices.com.akamaized.net"";""a1829.dscd.akamai.net"";""201.212.32.177"";""201.212.32.203""]"""
137,2021-11-17T15:06:22.704Z,33.0,33.0,192.168.57.253,x.bidswitch.net,NOERROR,answer,82,192.168.8.114,OK,51602,53,False,30671,35.211.178.172
138,2021-11-17T15:06:22.671Z,74.0,74.0,8.8.8.8,devicemetadataservice.prod.trafficmanager.net,NOERROR,answer,221,192.168.57.253,OK,61035,53,False,14901,"[vmss-prod-weu.westeurope.cloudapp.azure.com"";""20.86.173.234""]"""
139,2021-11-17T15:06:22.670Z,48.0,48.0,192.168.57.253,dmd.metaservices.microsoft.com,NOERROR,answer,225,192.168.8.242,OK,52471,53,False,1141,"[devicemetadataservice.prod.trafficmanager.net"";""vmss-prod-weu.westeurope.cloudapp.azure.com"";""20.86.173.234""]"""
140,2021-11-17T15:06:22.631Z,38.0,38.0,8.8.8.8,jnxm2.com,NOERROR,answer,124,192.168.57.253,OK,60467,53,False,36611,"[3.22.40.87"";""3.18.11.53"";""3.13.49.170""]"""
141,2021-11-17T15:06:22.631Z,27.0,27.0,192.168.57.253,jnxm2.com,NOERROR,answer,102,192.168.8.114,OK,49548,53,False,52722,"[3.22.40.87"";""3.18.11.53"";""3.13.49.170""]"""
142,2021-11-17T15:06:22.625Z,63.0,63.0,8.8.8.8,watch-dv.zentricknv.netdna-cdn.com,NOERROR,answer,142,192.168.57.253,OK,60535,53,False,59770,23.111.8.18
143,2021-11-17T15:06:22.624Z,40.0,40.0,192.168.57.253,vpaid.doubleverify.com,NOERROR,answer,173,10.3.228.75,OK,57150,53,False,49576,"[watch-dv.zentrick.com"";""watch-dv.zentricknv.netdna-cdn.com"";""23.111.8.18""]"""
144,2021-11-17T15:06:22.618Z,33.0,33.0,192.168.57.253,fe80.reda1.com.ar,NOERROR,answer,129,192.168.57.24,OK,44491,53,False,56022,
145,2021-11-17T15:06:22.618Z,33.0,33.0,192.168.57.253,fe80.reda1.com.ar,NOERROR,answer,129,192.168.57.24,OK,56018,53,False,3039,
146,2021-11-17T15:06:22.617Z,22.0,22.0,192.168.57.253,fe80,SERVFAIL,answer,44,192.168.57.24,Error,56679,53,False,16387,
147,2021-11-17T15:06:22.617Z,22.0,22.0,192.168.57.253,fe80,SERVFAIL,answer,44,192.168.57.24,Error,56638,53,False,61433,
148,2021-11-17T15:06:22.615Z,22.0,22.0,192.168.57.253,fe80,SERVFAIL,answer,44,192.168.57.24,Error,44214,53,False,61433,
149,2021-11-17T15:06:22.615Z,22.0,22.0,192.168.57.253,fe80,SERVFAIL,answer,44,192.168.57.24,Error,43402,53,False,16387,
150,2021-11-17T15:06:22.608Z,76.0,76.0,8.8.8.8,azeus1-client-s.msnmessenger.msn.com.akadns.net,NOERROR,answer,185,192.168.57.253,OK,62049,53,False,45620,"[ip.azeus1-client-s.msnmessenger.msn.com.akadns.net"";""20.185.212.106""]"""
151,2021-11-17T15:06:22.606Z,60.0,60.0,192.168.57.253,azeus1-client-s.gateway.messenger.live.com,NOERROR,answer,214,10.3.229.66,OK,55845,53,False,51063,"[azeus1-client-s.msnmessenger.msn.com.akadns.net"";""ip.azeus1-client-s.msnmessenger.msn.com.akadns.net"";""20.185.212.106""]"""
152,2021-11-17T15:06:22.601Z,48.0,48.0,8.8.8.8,a1441.g4.akamai.net,NOERROR,answer,128,192.168.57.253,OK,61825,53,False,58137,"[201.212.32.170"";""201.212.32.153""]"""
153,2021-11-17T15:06:22.600Z,57.0,57.0,192.168.57.253,init-p01st.push.apple.com.edgesuite.net,NOERROR,answer,176,192.168.11.134,OK,52559,53,False,41375,"[a1441.g4.akamai.net"";""201.212.32.170"";""201.212.32.153""]"""
154,2021-11-17T15:06:22.575Z,48.0,48.0,8.8.8.8,apibot.agentbot.net,NOERROR,answer,144,192.168.57.253,OK,60549,53,False,28289,"[54.161.213.93"";""52.54.232.49"";""3.232.2.91""]"""
155,2021-11-17T15:06:22.574Z,37.0,37.0,192.168.57.253,apibot.agentbot.net,NOERROR,answer,122,192.168.192.66,OK,50059,53,False,511,"[54.161.213.93"";""52.54.232.49"";""3.232.2.91""]"""
156,2021-11-17T15:06:22.573Z,42.0,42.0,192.168.57.253,captiveportal.reda1.com.ar,NOERROR,answer,147,192.168.10.214,OK,50546,53,False,41614,
157,2021-11-17T15:06:22.565Z,38.0,38.0,192.168.57.253,cdn.doubleverify.com,NOERROR,answer,178,10.3.228.75,OK,51230,53,False,1884,"[akacdn.doubleverify.com.edgekey.net"";""e17513.dscd.akamaiedge.net"";""23.197.227.54""]"""
158,2021-11-17T15:06:22.563Z,53.0,53.0,8.8.8.8,tps-geo.dvgtm.akadns.net,NOERROR,answer,154,192.168.57.253,OK,60399,53,False,24400,"[tpsc-uw2-failover.dvgtm.akadns.net"";""34.117.158.252""]"""
159,2021-11-17T15:06:22.562Z,39.0,39.0,192.168.57.253,rtb0.doubleverify.com,NOERROR,answer,182,10.3.228.75,OK,50887,53,False,51574,"[bs-geo.dvgtm.akadns.net"";""bs-wlb-uswest.dvgtm.akadns.net"";""cacp-hlb.dvgtm.akadns.net"";""63.251.109.125""]"""
160,2021-11-17T15:06:22.562Z,38.0,38.0,192.168.57.253,tps.doubleverify.com,NOERROR,answer,162,10.3.228.75,OK,51512,53,False,51559,"[tps-geo.dvgtm.akadns.net"";""tpsc-uw2-failover.dvgtm.akadns.net"";""34.117.158.252""]"""
161,2021-11-17T15:06:22.535Z,53.0,53.0,8.8.8.8,pixel-origin.mathtag.com,NOERROR,answer,138,192.168.57.253,OK,61835,53,False,29963,"[74.121.140.14"";""216.200.232.253""]"""
162,2021-11-17T15:06:22.534Z,34.0,34.0,192.168.57.253,sync.mathtag.com,NOERROR,answer,127,192.168.8.114,OK,55714,53,False,11756,"[pixel-origin.mathtag.com"";""74.121.140.14"";""216.200.232.253""]"""
163,2021-11-17T15:06:22.526Z,41.0,41.0,192.168.57.253,www.msftconnecttest.com,NOERROR,answer,218,10.3.229.76,OK,59790,53,False,1307,"[ncsi-geo.trafficmanager.net"";""v4ncsi.msedge.net"";""ncsi.4-c-0003.c-msedge.net"";""4-c-0003.c-msedge.net"";""13.107.4.52""]"""
164,2021-11-17T15:06:22.495Z,41.0,41.0,192.168.57.253,www.msftconnecttest.com,NOERROR,answer,218,192.168.191.201,OK,49810,53,False,3731,"[ncsi-geo.trafficmanager.net"";""v4ncsi.msedge.net"";""ncsi.4-c-0003.c-msedge.net"";""4-c-0003.c-msedge.net"";""13.107.4.52""]"""
165,2021-11-17T15:06:22.492Z,40.0,40.0,8.8.8.8,pixel.ex.co,NOERROR,answer,181,192.168.57.253,OK,60460,53,False,30460,"[j.sni.global.fastly.net"";""151.101.2.132"";""151.101.66.132"";""151.101.130.132"";""151.101.194.132""]"""
166,2021-11-17T15:06:22.492Z,29.0,29.0,192.168.57.253,pixel.ex.co,NOERROR,answer,159,192.168.152.83,OK,56917,53,False,25614,"[j.sni.global.fastly.net"";""151.101.2.132"";""151.101.66.132"";""151.101.130.132"";""151.101.194.132""]"""
167,2021-11-17T15:06:22.489Z,39.0,39.0,192.168.2.4,sit03-p326.reda1.com.ar,NOERROR,answer,130,192.168.57.253,OK,53914,53,False,20724,
168,2021-11-17T15:06:22.474Z,44.0,44.0,8.8.8.8,tools.cisco.com,NOERROR,answer,104,192.168.57.253,OK,60529,53,False,11843,173.37.145.8
169,2021-11-17T15:06:22.473Z,44.0,44.0,192.168.57.253,tools.cisco.com,NOERROR,answer,104,192.168.252.40,OK,36079,53,False,41772,173.37.145.8
170,2021-11-17T15:06:22.404Z,34.0,34.0,192.168.57.253,www.facebook.com,NOERROR,answer,113,192.168.160.117,OK,64209,53,False,22322,"[star-mini.c10r.facebook.com"";""31.13.94.35""]"""
171,2021-11-17T15:06:22.390Z,35.0,35.0,192.168.57.253,stags.bluekai.com,NOERROR,answer,161,192.168.8.114,OK,57378,53,False,8140,"[tags.bluekai.com.edgekey.net"";""e9126.x.akamaiedge.net"";""23.77.220.192""]"""
172,2021-11-17T15:06:22.383Z,29.0,29.0,192.168.57.253,sync.1rx.io,NOERROR,answer,74,192.168.8.114,OK,57523,53,False,7319,199.127.204.142
173,2021-11-17T15:06:22.341Z,47.0,47.0,8.8.8.8,us.creativecdn.com,NOERROR,answer,110,192.168.57.253,OK,61070,53,False,4020,185.184.10.30
174,2021-11-17T15:06:22.341Z,36.0,36.0,192.168.57.253,us.creativecdn.com,NOERROR,answer,88,192.168.65.39,OK,65160,53,False,64068,185.184.10.30
175,2021-11-17T15:06:22.337Z,42.0,42.0,192.168.57.253,sb.scorecardresearch.com,NOERROR,answer,148,192.168.65.39,OK,63787,53,False,54751,"[13.227.92.88"";""13.227.92.43"";""13.227.92.6"";""13.227.92.124""]"""
176,2021-11-17T15:06:22.326Z,37.0,37.0,192.168.57.253,ubuntu16.reda1.com.ar,NOERROR,answer,137,192.168.57.23,OK,51416,53,False,5903,
177,2021-11-17T15:06:22.326Z,37.0,37.0,192.168.57.253,ubuntu16.reda1.com.ar,NOERROR,answer,137,192.168.57.23,OK,51416,53,False,65350,
178,2021-11-17T15:06:22.325Z,26.0,26.0,192.168.57.253,ubuntu16,SERVFAIL,answer,52,192.168.57.23,Error,33426,53,False,20331,
179,2021-11-17T15:06:22.325Z,26.0,26.0,192.168.57.253,ubuntu16,SERVFAIL,answer,52,192.168.57.23,Error,33426,53,False,18822,
180,2021-11-17T15:06:22.324Z,,,192.168.57.253,wpad.reda1.com.ar,NOERROR,answer,96,192.168.33.104,Error,53794,53,False,46325,
181,2021-11-17T15:06:22.324Z,26.0,26.0,192.168.57.253,ubuntu16,SERVFAIL,answer,52,192.168.57.23,Error,33426,53,False,20331,
182,2021-11-17T15:06:22.324Z,26.0,26.0,192.168.57.253,ubuntu16,SERVFAIL,answer,52,192.168.57.23,Error,33426,53,False,18822,
183,2021-11-17T15:06:22.323Z,46.0,46.0,200.32.10.123,mab.chartbeat.com,NOERROR,answer,295,192.168.57.253,OK,60954,53,False,43397,"[dualstack.f6.shared.global.fastly.net"";""199.232.114.202""]"""
184,2021-11-17T15:06:22.322Z,41.0,41.0,192.168.57.253,www.msftconnecttest.com,NOERROR,answer,218,192.168.170.131,OK,63592,53,False,38486,"[ncsi-geo.trafficmanager.net"";""v4ncsi.msedge.net"";""ncsi.4-c-0003.c-msedge.net"";""4-c-0003.c-msedge.net"";""13.107.4.52""]"""
185,2021-11-17T15:06:22.264Z,42.0,42.0,192.168.57.253,zmztyiutpioam.reda1.com.ar,NOERROR,query,42,192.168.33.104,Error,54591,53,False,59381,
186,2021-11-17T15:06:22.264Z,42.0,42.0,192.168.57.253,xdumrqorgrrtu.reda1.com.ar,NOERROR,query,42,192.168.33.104,Error,65158,53,False,4354,
187,2021-11-17T15:06:22.264Z,39.0,39.0,192.168.57.253,ijaxbjhfvu.reda1.com.ar,NOERROR,query,39,192.168.33.104,Error,62916,53,False,42340,
188,2021-11-17T15:06:22.256Z,33.0,33.0,192.168.57.253,wpad.reda1.com.ar,NOERROR,answer,129,10.4.6.204,OK,55569,53,False,7804,
189,2021-11-17T15:06:22.203Z,33.0,33.0,192.168.57.253,wpad.reda1.com.ar,NOERROR,answer,129,192.168.160.126,OK,63855,53,False,10507,
190,2021-11-17T15:06:22.185Z,30.0,30.0,192.168.57.253,id5-sync.com,NOERROR,answer,380,192.168.8.114,OK,53026,53,False,6035,"[51.75.146.200"";""141.95.3.10"";""51.89.21.31"";""51.89.20.87"";""51.89.7.205"";""51.89.42.86"";""51.195.5.232"";""54.36.109.48"";""51.89.7.202"";""51.195.5.231"";""54.36.109.47"";""51.195.5.234"";""54.36.109.186"";""141.95.34.104"";""51.89.20.86"";""51.89.21.20"";""54.36.109.183"";""141.95.34.105"";""51.195.5.38"";""51.89.7.199""]"""
191,2021-11-17T15:06:22.180Z,34.0,34.0,192.168.57.253,despe.reda1.com.ar,NOERROR,answer,84,192.168.40.145,OK,55051,53,False,33178,192.168.2.180
192,2021-11-17T15:06:22.170Z,33.0,33.0,192.168.57.253,wpad.reda1.com.ar,NOERROR,answer,129,192.168.20.7,OK,57557,53,False,7685,
193,2021-11-17T15:06:22.109Z,93.0,93.0,8.8.8.8,d3f03eb26971f366fdc2841467a65304.safeframe.googlesyndication.com,NOERROR,answer,245,192.168.57.253,OK,61234,53,False,18811,"[pagead-googlehosted.l.google.com"";""142.250.79.129""]"""
194,2021-11-17T15:06:22.108Z,82.0,82.0,192.168.57.253,d3f03eb26971f366fdc2841467a65304.safeframe.googlesyndication.com,NOERROR,answer,223,192.168.152.83,OK,62601,53,False,59992,"[pagead-googlehosted.l.google.com"";""142.250.79.129""]"""
195,2021-11-17T15:06:22.081Z,44.0,44.0,8.8.8.8,abs-0.twimg.com,NOERROR,answer,127,192.168.57.253,OK,60329,53,False,18102,"[abs-zero.twimg.com"";""104.244.43.131""]"""
196,2021-11-17T15:06:22.080Z,33.0,33.0,192.168.57.253,abs-0.twimg.com,NOERROR,answer,105,192.168.41.78,OK,57822,53,False,64970,"[abs-zero.twimg.com"";""104.244.43.131""]"""
197,2021-11-17T15:06:22.076Z,42.0,42.0,192.168.57.253,ssum-sec.casalemedia.com,NOERROR,answer,183,192.168.8.114,OK,54461,53,False,777,"[ssum-sec.casalemedia.com.edgekey.net"";""e8037.g.akamaiedge.net"";""23.197.215.201""]"""
198,2021-11-17T15:06:22.020Z,37.0,37.0,192.168.57.253,accounts.google.com,NOERROR,answer,90,192.168.65.39,OK,63831,53,False,25019,172.217.162.237
199,2021-11-17T15:06:22.020Z,33.0,33.0,192.168.57.253,maps.google.com,NOERROR,answer,82,192.168.65.39,OK,54511,53,False,47730,216.58.202.78
200,2021-11-17T15:06:22.014Z,43.0,43.0,192.168.57.253,www.googletagservices.com,NOERROR,answer,102,192.168.8.114,OK,59011,53,False,59410,142.250.79.162
201,2021-11-17T15:06:21.991Z,45.0,45.0,8.8.8.8,s3.amazonaws.com,NOERROR,answer,106,192.168.57.253,OK,60552,53,False,46381,52.217.73.38
202,2021-11-17T15:06:21.991Z,34.0,34.0,192.168.57.253,s3.amazonaws.com,NOERROR,answer,84,192.168.9.98,OK,56118,53,False,42825,52.217.73.38
203,2021-11-17T15:06:21.990Z,48.0,48.0,192.168.57.253,securepubads.g.doubleclick.net,NOERROR,answer,138,192.168.9.98,OK,56274,53,False,63642,"[partnerad.l.doubleclick.net"";""172.217.172.66""]"""
204,2021-11-17T15:06:21.988Z,43.0,43.0,192.168.57.253,tpc.googlesyndication.com,NOERROR,answer,102,192.168.9.98,OK,60523,53,False,35395,216.58.202.65
205,2021-11-17T15:06:21.950Z,41.0,41.0,192.168.57.253,adservice.google.com.ar,NOERROR,answer,138,192.168.65.39,OK,49990,53,False,53574,"[pagead46.l.doubleclick.net"";""172.217.173.130""]"""
206,2021-11-17T15:06:21.950Z,33.0,33.0,192.168.57.253,wpad.reda1.com.ar,NOERROR,query,33,10.4.5.108,Error,52774,53,False,47051,
207,2021-11-17T15:06:21.931Z,43.0,43.0,192.168.57.253,nxcaaqrplofgls.reda1.com.ar,NOERROR,answer,149,192.168.144.105,OK,63660,53,False,58797,
208,2021-11-17T15:06:21.930Z,42.0,42.0,192.168.57.253,fzfdbspearbyb.reda1.com.ar,NOERROR,answer,147,192.168.144.105,OK,60877,53,False,9461,
209,2021-11-17T15:06:21.928Z,44.0,44.0,192.168.57.253,irjnvujdwwvqlhk.reda1.com.ar,NOERROR,answer,151,192.168.144.105,OK,52099,53,False,62862,
210,2021-11-17T15:06:21.919Z,40.0,40.0,192.168.57.253,client.wns.windows.com,NOERROR,answer,139,192.168.118.100,OK,52662,53,False,460,"[wns.notify.trafficmanager.net"";""52.226.139.185""]"""
211,2021-11-17T15:06:21.918Z,44.0,44.0,8.8.8.8,vars.hotjar.com,NOERROR,answer,152,192.168.57.253,OK,62146,53,False,10034,"[13.227.92.27"";""13.227.92.109"";""13.227.92.101"";""13.227.92.78""]"""
212,2021-11-17T15:06:21.917Z,33.0,33.0,192.168.57.253,vars.hotjar.com,NOERROR,answer,130,192.168.211.63,OK,50900,53,False,59717,"[13.227.92.27"";""13.227.92.109"";""13.227.92.101"";""13.227.92.78""]"""
213,2021-11-17T15:06:21.916Z,37.0,37.0,192.168.57.253,image6.pubmatic.com,NOERROR,answer,143,192.168.8.114,OK,51748,53,False,49465,"[pugm33000nfc.pubmatic.com"";""pugm33000nf.pubmatic.com"";""104.36.113.23""]"""
214,2021-11-17T15:06:21.865Z,62.0,62.0,8.8.8.8,settingsfd-geo.trafficmanager.net,NOERROR,answer,140,192.168.57.253,OK,60876,53,False,37796,52.191.219.104
215,2021-11-17T15:06:21.863Z,49.0,49.0,192.168.57.253,settings-win.data.microsoft.com,NOERROR,answer,161,192.168.115.50,OK,58263,53,False,5239,"[settingsfd-geo.trafficmanager.net"";""52.191.219.104""]"""
216,2021-11-17T15:06:21.848Z,33.0,33.0,192.168.57.253,wpad.reda1.com.ar,NOERROR,query,33,192.168.43.58,Error,56933,53,False,47007,
217,2021-11-17T15:06:21.846Z,46.0,46.0,8.8.8.8,www.eltribuno.com,NOERROR,answer,307,192.168.57.253,OK,61070,53,False,36097,"[www.eltribuno.com.herokudns.com"";""3.220.57.224"";""52.20.78.240"";""54.91.59.199"";""3.232.242.170"";""1AApekDmK2RPgiwmHiQ9CWl7dgJscjd2W4tOEREpEYmML/3L/VLNH8ms0Ztx9AwCYIfqy6BYCHyNuWCob9vo1g==""]"""
218,2021-11-17T15:06:21.844Z,35.0,35.0,192.168.57.253,www.eltribuno.com,NOERROR,answer,176,10.3.228.126,OK,50312,53,False,32977,"[www.eltribuno.com.herokudns.com"";""3.220.57.224"";""52.20.78.240"";""54.91.59.199"";""3.232.242.170""]"""
219,2021-11-17T15:06:21.818Z,51.0,51.0,8.8.8.8,az779572.vo.msecnd.net,NOERROR,answer,146,192.168.57.253,OK,62048,53,False,5100,"[cs9.wpc.v0cdn.net"";""152.199.55.200""]"""
220,2021-11-17T15:06:21.817Z,40.0,40.0,192.168.57.253,az779572.vo.msecnd.net,NOERROR,answer,124,192.168.168.148,OK,63334,53,False,56887,"[cs9.wpc.v0cdn.net"";""152.199.55.200""]"""
221,2021-11-17T15:06:21.805Z,44.0,44.0,8.8.8.8,adapter.aivo.co,NOERROR,answer,152,192.168.57.253,OK,60349,53,False,25284,"[108.156.83.62"";""108.156.83.114"";""108.156.83.75"";""108.156.83.13""]"""
222,2021-11-17T15:06:21.804Z,33.0,33.0,192.168.57.253,adapter.aivo.co,NOERROR,answer,130,192.168.192.66,OK,51844,53,False,17169,"[108.156.83.62"";""108.156.83.114"";""108.156.83.75"";""108.156.83.13""]"""
223,2021-11-17T15:06:21.780Z,57.0,57.0,8.8.8.8,prod.appnexus.map.fastly.net,NOERROR,answer,178,192.168.57.253,OK,61749,53,False,43284,"[151.101.1.108"";""151.101.65.108"";""151.101.129.108"";""151.101.193.108""]"""
224,2021-11-17T15:06:21.779Z,32.0,32.0,192.168.57.253,acdn.adnxs.com,NOERROR,answer,170,10.3.228.126,OK,56819,53,False,19951,"[prod.appnexus.map.fastly.net"";""151.101.1.108"";""151.101.65.108"";""151.101.129.108"";""151.101.193.108""]"""
225,2021-11-17T15:06:21.769Z,53.0,53.0,8.8.8.8,t.wayfair.map.fastly.net,NOERROR,answer,170,192.168.57.253,OK,60376,53,False,30746,"[151.101.1.253"";""151.101.65.253"";""151.101.129.253"";""151.101.193.253""]"""
226,2021-11-17T15:06:21.768Z,31.0,31.0,192.168.57.253,t.wayfair.com,NOERROR,answer,164,10.3.228.126,OK,49236,53,False,53974,"[t.wayfair.map.fastly.net"";""151.101.1.253"";""151.101.65.253"";""151.101.129.253"";""151.101.193.253""]"""
227,2021-11-17T15:06:21.750Z,56.0,56.0,8.8.8.8,googleads.g.doubleclick.net,NOERROR,answer,128,192.168.57.253,OK,62278,53,False,62008,172.217.173.130
228,2021-11-17T15:06:21.747Z,45.0,45.0,192.168.57.253,googleads.g.doubleclick.net,NOERROR,answer,106,192.168.121.137,OK,60808,53,False,48353,172.217.173.130
229,2021-11-17T15:06:21.714Z,35.0,35.0,192.168.57.253,mab.chartbeat.com,NOERROR,answer,137,192.168.160.104,OK,62756,53,False,20245,"[dualstack.f6.shared.global.fastly.net"";""199.232.114.202""]"""
230,2021-11-17T15:06:21.698Z,49.0,49.0,8.8.8.8,beacons.gcp.gvt2.com,NOERROR,answer,144,192.168.57.253,OK,62220,53,False,25838,"[beacons-handoff.gcp.gvt2.com"";""216.58.202.99""]"""
231,2021-11-17T15:06:21.697Z,38.0,38.0,192.168.57.253,beacons.gcp.gvt2.com,NOERROR,answer,122,10.4.6.80,OK,50163,53,False,60100,"[beacons-handoff.gcp.gvt2.com"";""172.217.162.227""]"""
232,2021-11-17T15:06:21.670Z,47.0,47.0,8.8.8.8,b1sync.zemanta.com,NOERROR,answer,506,192.168.57.253,OK,60176,53,False,612,"[zemanta-nychi.zemanta.com"";""64.202.112.159"";""64.74.236.63"";""70.42.32.159"";""64.202.112.63"";""64.74.236.127"";""70.42.32.191"";""64.74.236.95"";""64.202.112.95"";""50.31.142.191"";""70.42.32.31"";""70.42.32.63"";""50.31.142.159"";""70.42.32.127"";""64.202.112.191"";""64.202.112.31"";""64.202.112.127"";""50.31.142.31"";""64.74.236.191"";""50.31.142.95"";""70.42.32.95"";""64.74.236.31"";""64.74.236.159"";""50.31.142.63"";""50.31.142.127""]"""
233,2021-11-17T15:06:21.669Z,36.0,36.0,192.168.57.253,b1sync.zemanta.com,NOERROR,answer,484,192.168.8.114,OK,59023,53,False,62725,"[zemanta-nychi.zemanta.com"";""50.31.142.159"";""50.31.142.95"";""50.31.142.191"";""64.74.236.63"";""64.202.112.95"";""64.202.112.159"";""64.74.236.159"";""70.42.32.95"";""70.42.32.31"";""64.74.236.31"";""50.31.142.63"";""64.74.236.95"";""50.31.142.31"";""64.74.236.127"";""70.42.32.127"";""70.42.32.159"";""64.202.112.31"";""64.202.112.63"";""70.42.32.191"";""64.202.112.127"";""64.74.236.191"";""70.42.32.63"";""50.31.142.127"";""64.202.112.191""]"""
234,2021-11-17T15:06:21.645Z,39.0,39.0,192.168.57.253,bid.g.doubleclick.net,NOERROR,answer,358,192.168.8.114,OK,56232,53,False,49037,"[ads-bid.l.doubleclick.net"";""142.251.0.156"";""142.250.0.157"";""64.233.186.157"";""142.251.0.154"";""64.233.190.157"";""64.233.190.154"";""64.233.190.156"";""172.217.192.154"";""64.233.186.155"";""172.217.192.155"";""64.233.186.154"";""172.217.192.156"";""142.251.0.157"";""64.233.190.155"";""142.251.0.155"";""64.233.186.156""]"""
235,2021-11-17T15:06:21.621Z,32.0,32.0,192.168.57.253,ntp.ubuntu.com,NOERROR,answer,120,192.168.57.77,OK,48971,53,False,10336,"[2001:67c:1560:8003::c7"";""2001:67c:1560:8003::c8""]"""
236,2021-11-17T15:06:21.619Z,32.0,32.0,192.168.57.253,ntp.ubuntu.com,NOERROR,answer,128,192.168.57.77,OK,42447,53,False,50993,"[91.189.89.199"";""91.189.89.198"";""91.189.91.157"";""91.189.94.4""]"""
237,2021-11-17T15:06:21.599Z,34.0,34.0,192.168.57.253,secure.adnxs.com,NOERROR,answer,309,10.3.228.75,OK,52451,53,False,41111,"[g.geogslb.com"";""ib.anycast.adnxs.com"";""68.67.181.202"";""68.67.179.154"";""68.67.160.134"";""68.67.160.25"";""68.67.179.135"";""68.67.160.137"";""68.67.179.164"";""68.67.179.166"";""68.67.160.76"";""68.67.179.122"";""68.67.181.207"";""68.67.179.173""]"""
238,2021-11-17T15:06:21.593Z,26.0,26.0,192.168.57.253,ubuntu16,SERVFAIL,answer,52,192.168.57.50,Error,46219,53,False,36335,
239,2021-11-17T15:06:21.551Z,41.0,41.0,192.168.57.253,stats.g.doubleclick.net,NOERROR,answer,168,192.168.9.98,OK,53176,53,False,24809,"[stats.l.doubleclick.net"";""142.251.0.155"";""142.251.0.156"";""142.251.0.157"";""142.251.0.154""]"""
240,2021-11-17T15:06:21.511Z,49.0,49.0,8.8.8.8,ib.anycast.adnxs.com,NOERROR,answer,290,192.168.57.253,OK,61550,53,False,48384,"[68.67.179.173"";""68.67.181.202"";""68.67.179.154"";""68.67.160.134"";""68.67.160.25"";""68.67.179.135"";""68.67.160.137"";""68.67.179.164"";""68.67.179.166"";""68.67.160.76"";""68.67.179.122"";""68.67.181.207""]"""
241,2021-11-17T15:06:21.510Z,34.0,34.0,192.168.57.253,secure.adnxs.com,NOERROR,answer,309,192.168.8.114,OK,64435,53,False,27695,"[g.geogslb.com"";""ib.anycast.adnxs.com"";""68.67.179.173"";""68.67.181.202"";""68.67.179.154"";""68.67.160.134"";""68.67.160.25"";""68.67.179.135"";""68.67.160.137"";""68.67.179.164"";""68.67.179.166"";""68.67.160.76"";""68.67.179.122"";""68.67.181.207""]"""
242,2021-11-17T15:06:21.509Z,38.0,38.0,192.168.57.253,static.chartbeat.com,NOERROR,answer,134,192.168.9.98,OK,62898,53,False,25627,"[d3f7zc5bbfci5.cloudfront.net"";""13.227.93.230""]"""
243,2021-11-17T15:06:21.508Z,44.0,44.0,8.8.8.8,knrpc.olark.com,NOERROR,answer,104,192.168.57.253,OK,60447,53,False,65085,34.96.127.16
244,2021-11-17T15:06:21.507Z,33.0,33.0,192.168.57.253,knrpc.olark.com,NOERROR,answer,82,192.168.10.211,OK,50097,53,False,55153,34.96.127.16
245,2021-11-17T15:06:21.493Z,33.0,33.0,192.168.57.253,s.go-mpulse.net,NOERROR,answer,159,192.168.9.98,OK,63074,53,False,36090,"[ip46.go-mpulse.net.edgekey.net"";""e4518.dscx.akamaiedge.net"";""23.77.220.89""]"""
246,2021-11-17T15:06:21.476Z,47.0,47.0,192.168.57.253,d1bl11pgu3tw3h.cloudfront.net,NOERROR,answer,158,10.4.6.49,OK,64813,53,False,55298,"[13.227.83.82"";""13.227.83.33"";""13.227.83.85"";""13.227.83.214""]"""
247,2021-11-17T15:06:21.465Z,51.0,51.0,192.168.57.253,fundingchoicesmessages.google.com,NOERROR,answer,139,192.168.9.98,OK,63811,53,False,32930,"[www3.l.google.com"";""142.250.79.110""]"""
248,2021-11-17T15:06:21.449Z,41.0,41.0,192.168.57.253,stats.g.doubleclick.net,NOERROR,answer,168,192.168.160.117,OK,60605,53,False,24400,"[stats.l.doubleclick.net"";""142.251.0.154"";""142.251.0.155"";""142.251.0.156"";""142.251.0.157""]"""
249,2021-11-17T15:06:21.445Z,33.0,33.0,192.168.57.253,wpad.reda1.com.ar,NOERROR,answer,129,192.168.140.143,OK,62224,53,False,65398,
250,2021-11-17T15:06:21.438Z,42.0,42.0,192.168.57.253,www.google-analytics.com,NOERROR,answer,144,192.168.9.98,OK,60294,53,False,16709,"[www-google-analytics.l.google.com"";""216.58.202.78""]"""
251,2021-11-17T15:06:21.414Z,,,192.168.57.253,wpad.reda1.com.ar,NOERROR,answer,96,10.4.7.46,Error,53044,53,False,33586,
252,2021-11-17T15:06:21.414Z,45.0,45.0,200.32.10.123,rtb.adentifi.com,NOERROR,answer,419,192.168.57.253,OK,61838,53,False,43716,"[54.80.90.26"";""52.4.236.19"";""3.216.236.90"";""54.209.169.80"";""52.207.15.133"";""52.21.1.190"";""52.5.216.135"";""52.45.11.130""]"""
253,2021-11-17T15:06:21.414Z,42.0,42.0,200.32.10.123,cs.emxdgt.com,NOERROR,answer,301,192.168.57.253,OK,60240,53,False,49005,18.195.155.181
254,2021-11-17T15:06:21.414Z,47.0,47.0,200.32.10.123,www.googleapis.com,NOERROR,answer,557,192.168.57.253,OK,60305,53,False,25971,"[172.217.173.234"";""172.217.29.202"";""172.217.173.138"";""172.217.173.170"";""142.250.79.138"";""216.58.202.74"";""172.217.172.106"";""172.217.162.234"";""142.250.79.170"";""172.217.172.74"";""142.250.79.74"";""142.250.79.106"";""216.58.202.106""]"""
255,2021-11-17T15:06:21.404Z,38.0,38.0,192.168.57.253,connect.facebook.net,NOERROR,answer,124,192.168.9.98,OK,63009,53,False,11246,"[scontent.xx.fbcdn.net"";""31.13.94.24""]"""
256,2021-11-17T15:06:21.401Z,33.0,33.0,192.168.57.253,wpad.reda1.com.ar,NOERROR,answer,129,192.168.170.147,OK,61909,53,False,52243,
257,2021-11-17T15:06:21.391Z,43.0,43.0,192.168.57.253,www.googletagservices.com,NOERROR,answer,102,192.168.9.98,OK,56879,53,False,33218,142.250.79.162
258,2021-11-17T15:06:21.370Z,41.0,41.0,8.8.8.8,static.ex.co,NOERROR,answer,173,192.168.57.253,OK,61032,53,False,56177,"[static-ex-co.edgekey.net"";""e93115.dscg.akamaiedge.net"";""200.42.50.42""]"""
259,2021-11-17T15:06:21.369Z,30.0,30.0,192.168.57.253,static.ex.co,NOERROR,answer,151,192.168.152.83,OK,59097,53,False,39064,"[static-ex-co.edgekey.net"";""e93115.dscg.akamaiedge.net"";""200.42.50.42""]"""
260,2021-11-17T15:06:21.283Z,35.0,35.0,192.168.57.253,bh.contextweb.com,NOERROR,answer,148,192.168.8.114,OK,55506,53,False,29093,"[lga-bh.contextweb.com"";""lga-bh-bgp.contextweb.com"";""198.148.27.140"";""198.148.27.139""]"""
261,2021-11-17T15:06:21.230Z,58.0,58.0,8.8.8.8,d1bl11pgu3tw3h.cloudfront.net,NOERROR,answer,180,192.168.57.253,OK,61259,53,False,37986,"[13.227.83.214"";""13.227.83.82"";""13.227.83.33"";""13.227.83.85""]"""
262,2021-11-17T15:06:21.229Z,47.0,47.0,192.168.57.253,d1bl11pgu3tw3h.cloudfront.net,NOERROR,answer,158,192.168.9.98,OK,49495,53,False,45782,"[13.227.83.214"";""13.227.83.82"";""13.227.83.33"";""13.227.83.85""]"""
263,2021-11-17T15:06:21.212Z,35.0,35.0,192.168.57.253,www.google.com.ar,NOERROR,answer,86,192.168.65.39,OK,53053,53,False,65343,142.250.79.67
264,2021-11-17T15:06:21.205Z,33.0,33.0,192.168.57.253,wpad.reda1.com.ar,NOERROR,answer,129,192.168.40.116,OK,59300,53,False,7648,
265,2021-11-17T15:06:21.188Z,33.0,33.0,192.168.57.253,www.infobae.com,NOERROR,answer,323,192.168.9.98,OK,53666,53,False,25794,"[infobae-infobae-prod.arc-dns.net"";""107504.edgekey.net"";""e110098.dscx.akamaiedge.net"";""200.42.50.56"";""200.42.50.59"";""200.42.50.43"";""200.42.50.57"";""200.42.50.72"";""200.42.50.74"";""200.42.50.67"";""200.42.50.58"";""200.42.50.48""]"""
266,2021-11-17T15:06:21.107Z,34.0,34.0,192.168.57.253,beacons.gvt2.com,NOERROR,answer,107,192.168.232.50,OK,60098,53,False,10582,"[beacons6.gvt2.com"";""216.58.202.67""]"""
267,2021-11-17T15:06:21.097Z,41.0,41.0,192.168.57.253,sn3302.storage.live.com,NOERROR,answer,333,192.168.72.55,OK,54817,53,False,1142,"[sn3pcor002-meta.fe.1drv.com"";""odc-sn3302-meta-geo.onedrive.akadns.net"";""odc-sn3302-meta-brs.onedrive.akadns.net"";""sn3pcor002-meta.be.1drv.com.l-0003.dc-msedge.net.l-0003.l-msedge.net"";""l-0003.dc-msedge.net"";""13.107.43.12""]"""
268,2021-11-17T15:06:21.047Z,37.0,37.0,192.168.57.253,clients4.google.com,NOERROR,answer,114,10.3.228.119,OK,54830,53,False,13973,"[clients.l.google.com"";""142.250.79.110""]"""
269,2021-11-17T15:06:20.980Z,32.0,32.0,192.168.57.253,www.google.com,NOERROR,answer,80,192.168.160.117,OK,62749,53,False,4502,172.217.173.132
270,2021-11-17T15:06:20.966Z,39.0,39.0,192.168.57.253,sit05-f000.reda1.com.ar,NOERROR,answer,94,10.2.117.101,OK,62991,53,False,28694,192.168.9.253
271,2021-11-17T15:06:20.928Z,42.0,42.0,192.168.57.253,www.googletagmanager.com,NOERROR,answer,144,192.168.65.39,OK,53732,53,False,59408,"[www-googletagmanager.l.google.com"";""216.58.202.104""]"""
272,2021-11-17T15:06:20.926Z,48.0,48.0,8.8.8.8,maps.googleapis.com,NOERROR,answer,112,192.168.57.253,OK,60550,53,False,47428,142.250.79.106
273,2021-11-17T15:06:20.925Z,37.0,37.0,192.168.57.253,maps.googleapis.com,NOERROR,answer,90,192.168.65.39,OK,56478,53,False,20174,142.250.79.106
274,2021-11-17T15:06:20.925Z,48.0,48.0,8.8.8.8,img10.naventcdn.com,NOERROR,answer,128,192.168.57.253,OK,62174,53,False,6999,"[104.17.123.40"";""104.17.122.40""]"""
275,2021-11-17T15:06:20.924Z,37.0,37.0,192.168.57.253,img10.naventcdn.com,NOERROR,answer,106,192.168.65.39,OK,50865,53,False,6075,"[104.17.123.40"";""104.17.122.40""]"""
276,2021-11-17T15:06:20.872Z,49.0,49.0,8.8.8.8,aktrack.pubmatic.com,NOERROR,answer,189,192.168.57.253,OK,61773,53,False,47403,"[aktrack.pubmatic.edgekey.net"";""e6603.b.akamaiedge.net"";""23.77.220.176""]"""
277,2021-11-17T15:06:20.871Z,51.0,51.0,8.8.8.8,e9398.g.akamaiedge.net,NOERROR,answer,118,192.168.57.253,OK,60138,53,False,20139,23.55.90.239
278,2021-11-17T15:06:20.871Z,38.0,38.0,192.168.57.253,aktrack.pubmatic.com,NOERROR,answer,167,192.168.8.114,OK,52663,53,False,49521,"[aktrack.pubmatic.edgekey.net"";""e6603.b.akamaiedge.net"";""23.77.220.176""]"""
279,2021-11-17T15:06:20.870Z,47.0,47.0,192.168.57.253,videoplayercdn.osi.office.net,NOERROR,answer,195,192.168.118.200,OK,62534,53,False,16094,"[videoplayercdn.osi.office.net.edgekey.net"";""e9398.g.akamaiedge.net"";""23.55.90.239""]"""
280,2021-11-17T15:06:20.814Z,38.0,38.0,192.168.57.253,match.deepintent.com,NOERROR,answer,124,10.4.24.55,OK,52226,53,False,8026,"[169.197.150.7"";""38.91.45.7"";""169.197.150.8""]"""
281,2021-11-17T15:06:20.784Z,34.0,34.0,192.168.57.253,rtb.adentifi.com,NOERROR,answer,196,10.3.228.126,OK,61037,53,False,33079,"[54.80.90.26"";""52.4.236.19"";""3.216.236.90"";""54.209.169.80"";""52.207.15.133"";""52.21.1.190"";""52.5.216.135"";""52.45.11.130""]"""
282,2021-11-17T15:06:20.782Z,45.0,45.0,192.168.57.253,safebrowsing.googleapis.com,NOERROR,answer,106,192.168.25.107,OK,57336,53,False,35230,172.217.173.138
283,2021-11-17T15:06:20.775Z,36.0,36.0,192.168.57.253,17de4c1d.akstat.io,NOERROR,answer,170,192.168.160.104,OK,64160,53,False,19313,"[wildcard46.akstat.io.edgekey.net"";""e4518.dscx.akamaiedge.net"";""23.77.220.89""]"""
284,2021-11-17T15:06:20.761Z,39.0,39.0,192.168.57.253,sta10-f000.reda1.com.ar,NOERROR,answer,94,10.3.229.144,OK,61755,53,False,45230,10.3.229.253
285,2021-11-17T15:06:20.733Z,44.0,44.0,192.168.57.253,ncnvxxavydoeyry.reda1.com.ar,NOERROR,answer,151,192.168.33.104,OK,59324,53,False,62809,
286,2021-11-17T15:06:20.733Z,36.0,36.0,192.168.57.253,lurpebp.reda1.com.ar,NOERROR,answer,135,192.168.33.104,OK,51184,53,False,30666,
287,2021-11-17T15:06:20.733Z,37.0,37.0,192.168.57.253,vngnpeht.reda1.com.ar,NOERROR,answer,137,192.168.33.104,OK,59462,53,False,13162,
288,2021-11-17T15:06:20.612Z,42.0,42.0,192.168.57.253,test.reda1.com.ar,NOERROR,answer,100,192.168.57.24,OK,53137,53,False,20565,10.5.160.39
289,2021-11-17T15:06:20.612Z,42.0,42.0,192.168.57.253,test.reda1.com.ar,NOERROR,answer,137,192.168.57.24,OK,57226,53,False,33381,
290,2021-11-17T15:06:20.597Z,42.0,42.0,192.168.57.253,www.google-analytics.com,NOERROR,answer,144,192.168.160.117,OK,57556,53,False,62460,"[www-google-analytics.l.google.com"";""216.58.202.78""]"""
291,2021-11-17T15:06:20.507Z,44.0,44.0,200.32.10.123,creativecdn.com,NOERROR,query,44,192.168.57.253,Error,61242,53,False,30067,
292,2021-11-17T15:06:20.506Z,56.0,56.0,200.32.10.123,secure.bancocolumbia.com.ar,NOERROR,answer,206,192.168.57.253,OK,60356,53,False,62036,200.68.114.10
293,2021-11-17T15:06:20.505Z,51.0,51.0,200.32.10.123,trc-events.taboola.com,NOERROR,answer,1326,192.168.57.253,OK,60498,53,False,27584,"[us-trc-events.taboola.com"";""IncLSKiMmFrjvN4DK+sJMytW1Kju0SrQF7oSIIGE1a5b/PlHZ5qb8ng9bTCyGN7CNrCYnMmEHst2PQc58GhDog=="";""us-vip001.taboola.com"";""fup7gIna/M+iEzw5dPeFYlmBz0HTuiDOnFzaASQB3ZpCjHkcpEr5AfimhkRMRWfv12aTpxHYhM4TGo19jru55g=="";""141.226.224.48"";""RlVbu/6eO4rxDNXBMFcicnAaO4LELr7wFAdyWCTjr+KVddbmsrqLyqrYj/qgBzw8dtC3EdhsnVLuCg+TZBHyqg==""]"""
294,2021-11-17T15:06:20.505Z,44.0,44.0,200.32.10.123,x.bidswitch.net,NOERROR,answer,352,192.168.57.253,OK,60923,53,False,49812,35.211.178.172
295,2021-11-17T15:06:20.505Z,63.0,63.0,200.32.10.123,tpsc-uw2-failover.dvgtm.akadns.net,NOERROR,answer,192,192.168.57.253,OK,61775,53,False,14368,
296,2021-11-17T15:06:20.505Z,45.0,45.0,200.32.10.123,trace.mediago.io,NOERROR,answer,398,192.168.57.253,OK,60005,53,False,46779,"[d1e12xh4hrv4zb.cloudfront.net"";""13.227.92.99"";""13.227.92.23"";""13.227.92.34"";""13.227.92.102""]"""
297,2021-11-17T15:06:20.455Z,33.0,33.0,192.168.57.253,wpad.reda1.com.ar,NOERROR,answer,129,192.168.10.158,OK,55837,53,False,15699,
298,2021-11-17T15:06:20.440Z,33.0,33.0,192.168.57.253,wpad.reda1.com.ar,NOERROR,query,33,192.168.140.143,Error,62224,53,False,65398,
299,2021-11-17T15:06:20.399Z,38.0,38.0,192.168.57.253,cm.g.doubleclick.net,NOERROR,answer,92,10.4.24.55,OK,63002,53,False,63615,142.250.79.130
300,2021-11-17T15:06:20.393Z,33.0,33.0,192.168.57.253,wpad.reda1.com.ar,NOERROR,answer,129,10.3.228.124,OK,50213,53,False,52079,
301,2021-11-17T15:06:20.388Z,33.0,33.0,192.168.57.253,wpad.reda1.com.ar,NOERROR,answer,129,192.168.180.127,OK,62221,53,False,58649,
302,2021-11-17T15:06:20.387Z,33.0,33.0,192.168.57.253,wpad.reda1.com.ar,NOERROR,answer,129,192.168.170.72,OK,60383,53,False,23593,
303,2021-11-17T15:06:20.374Z,33.0,33.0,192.168.57.253,wpad.reda1.com.ar,NOERROR,answer,129,192.168.124.139,OK,56200,53,False,20852,
304,2021-11-17T15:06:20.374Z,33.0,33.0,192.168.57.253,wpad.reda1.com.ar,NOERROR,answer,129,192.168.133.147,OK,51788,53,False,63701,
305,2021-11-17T15:06:20.368Z,33.0,33.0,192.168.57.253,wpad.reda1.com.ar,NOERROR,answer,129,192.168.64.192,OK,56079,53,False,4559,
306,2021-11-17T15:06:20.357Z,33.0,33.0,192.168.57.253,wpad.reda1.com.ar,NOERROR,query,33,192.168.170.147,Error,61909,53,False,52243,
307,2021-11-17T15:06:20.353Z,33.0,33.0,192.168.57.253,wpad.reda1.com.ar,NOERROR,answer,129,192.168.64.217,OK,51893,53,False,56347,
308,2021-11-17T15:06:20.260Z,50.0,50.0,8.8.8.8,bateriasyamperios.com,NOERROR,answer,116,192.168.57.253,OK,60738,53,False,25348,54.37.163.77
309,2021-11-17T15:06:20.259Z,39.0,39.0,192.168.57.253,bateriasyamperios.com,NOERROR,answer,94,192.168.164.148,OK,52342,53,False,57649,54.37.163.77
310,2021-11-17T15:06:20.249Z,36.0,36.0,192.168.57.253,scomdev.reda1.com.ar,NOERROR,answer,135,192.168.57.188,OK,54220,53,False,51520,
311,2021-11-17T15:06:20.249Z,36.0,36.0,192.168.57.253,scomdev.reda1.com.ar,NOERROR,answer,135,192.168.57.188,OK,60944,53,False,42039,
312,2021-11-17T15:06:20.232Z,40.0,40.0,192.168.57.253,trc-events.taboola.com,NOERROR,answer,148,192.168.70.95,OK,60510,53,False,23009,"[us-trc-events.taboola.com"";""us-vip001.taboola.com"";""141.226.224.48""]"""
313,2021-11-17T15:06:20.178Z,93.0,93.0,8.8.8.8,0a186f506cf870578774a3086b914fde.safeframe.googlesyndication.com,NOERROR,answer,245,192.168.57.253,OK,60386,53,False,5503,"[pagead-googlehosted.l.google.com"";""142.250.79.129""]"""
314,2021-11-17T15:06:20.177Z,82.0,82.0,192.168.57.253,0a186f506cf870578774a3086b914fde.safeframe.googlesyndication.com,NOERROR,answer,223,10.3.228.75,OK,57826,53,False,64570,"[pagead-googlehosted.l.google.com"";""142.250.79.129""]"""
315,2021-11-17T15:06:20.172Z,37.0,37.0,192.168.57.253,ubuntu16.reda1.com.ar,NOERROR,answer,137,192.168.57.134,OK,57361,53,False,58694,
316,2021-11-17T15:06:20.172Z,37.0,37.0,192.168.57.253,ubuntu16.reda1.com.ar,NOERROR,query,37,192.168.57.134,Error,57361,53,False,47287,
317,2021-11-17T15:06:20.122Z,33.0,33.0,192.168.57.253,wpad.reda1.com.ar,NOERROR,answer,129,192.168.25.121,OK,51786,53,False,35556,
318,2021-11-17T15:06:20.050Z,53.0,53.0,8.8.8.8,sb.scorecardresearch.com,NOERROR,answer,170,192.168.57.253,OK,61436,53,False,42426,"[13.227.92.124"";""13.227.92.88"";""13.227.92.43"";""13.227.92.6""]"""
319,2021-11-17T15:06:20.049Z,42.0,42.0,192.168.57.253,sb.scorecardresearch.com,NOERROR,answer,148,192.168.160.117,OK,51460,53,False,15918,"[13.227.92.124"";""13.227.92.88"";""13.227.92.43"";""13.227.92.6""]"""
320,2021-11-17T15:06:19.986Z,50.0,50.0,8.8.8.8,static-cdn.hotjar.com,NOERROR,answer,164,192.168.57.253,OK,61977,53,False,39200,"[13.227.92.104"";""13.227.92.41"";""13.227.92.116"";""13.227.92.57""]"""
321,2021-11-17T15:06:19.985Z,35.0,35.0,192.168.57.253,static.hotjar.com,NOERROR,answer,159,192.168.160.117,OK,60829,53,False,59374,"[static-cdn.hotjar.com"";""13.227.92.104"";""13.227.92.41"";""13.227.92.116"";""13.227.92.57""]"""
322,2021-11-17T15:06:19.980Z,47.0,47.0,192.168.57.253,addons-pa.clients6.google.com,NOERROR,answer,110,192.168.11.112,OK,61554,53,False,16395,142.250.79.106
323,2021-11-17T15:06:19.897Z,56.0,56.0,8.8.8.8,images-eds-ssl.xboxlive.com,NOERROR,answer,215,192.168.57.253,OK,60499,53,False,62905,"[images-eds-ssl.xboxlive.com.edgekey.net"";""e87.dspg.akamaiedge.net"";""23.197.216.184""]"""
324,2021-11-17T15:06:19.896Z,45.0,45.0,192.168.57.253,images-eds-ssl.xboxlive.com,NOERROR,answer,193,192.168.118.200,OK,64375,53,False,48547,"[images-eds-ssl.xboxlive.com.edgekey.net"";""e87.dspg.akamaiedge.net"";""23.197.216.184""]"""
325,2021-11-17T15:06:19.815Z,40.0,40.0,192.168.57.253,static.doubleclick.net,NOERROR,answer,145,192.168.160.117,OK,61258,53,False,57264,"[static-doubleclick-net.l.google.com"";""172.217.172.102""]"""
326,2021-11-17T15:06:19.759Z,43.0,43.0,192.168.57.253,ade.googlesyndication.com,NOERROR,answer,102,10.4.6.155,OK,57536,53,False,1016,172.217.162.226
327,2021-11-17T15:06:19.750Z,47.0,47.0,8.8.8.8,js.intercomcdn.com,NOERROR,answer,158,192.168.57.253,OK,60567,53,False,31416,"[13.227.92.71"";""13.227.92.18"";""13.227.92.29"";""13.227.92.56""]"""
328,2021-11-17T15:06:19.749Z,36.0,36.0,192.168.57.253,js.intercomcdn.com,NOERROR,answer,136,10.4.7.29,OK,61082,53,False,52959,"[13.227.92.71"";""13.227.92.18"";""13.227.92.29"";""13.227.92.56""]"""
329,2021-11-17T15:06:19.735Z,44.0,44.0,192.168.57.253,download.windowsupdate.com,NOERROR,answer,264,192.168.65.104,OK,59173,53,False,10782,"[wu-shim.trafficmanager.net"";""fg.download.windowsupdate.com.c.footprint.net"";""8.241.201.254"";""8.241.201.126"";""8.241.202.126"";""200.55.44.254"";""200.32.103.248""]"""
330,2021-11-17T15:06:19.719Z,37.0,37.0,192.168.57.253,vngnpeht.reda1.com.ar,NOERROR,query,37,192.168.33.104,Error,59462,53,False,13162,
331,2021-11-17T15:06:19.718Z,36.0,36.0,192.168.57.253,lurpebp.reda1.com.ar,NOERROR,query,36,192.168.33.104,Error,51184,53,False,30666,
332,2021-11-17T15:06:19.718Z,44.0,44.0,192.168.57.253,ncnvxxavydoeyry.reda1.com.ar,NOERROR,query,44,192.168.33.104,Error,59324,53,False,62809,
333,2021-11-17T15:06:19.718Z,33.0,33.0,192.168.57.253,wpad.reda1.com.ar,NOERROR,answer,129,192.168.33.104,OK,53794,53,False,46325,
334,2021-11-17T15:06:19.651Z,56.0,56.0,192.168.57.253,connect-metrics-collector.s-onetag.com,NOERROR,answer,144,10.4.6.155,OK,64660,53,False,64144,"[75.2.13.80"";""99.83.181.31""]"""
335,2021-11-17T15:06:19.631Z,36.0,36.0,192.168.57.253,173e255e.akstat.io,NOERROR,answer,170,10.4.6.155,OK,53818,53,False,42322,"[wildcard46.akstat.io.edgekey.net"";""e4518.dscx.akamaiedge.net"";""23.77.220.89""]"""
336,2021-11-17T15:06:19.609Z,42.0,42.0,192.168.57.253,test.reda1.com.ar,NOERROR,answer,100,192.168.57.24,OK,47017,53,False,10316,10.5.160.39
337,2021-11-17T15:06:19.609Z,42.0,42.0,192.168.57.253,test.reda1.com.ar,NOERROR,answer,137,192.168.57.24,OK,52585,53,False,8786,
338,2021-11-17T15:06:19.608Z,31.0,31.0,192.168.57.253,test,SERVFAIL,answer,62,192.168.57.24,Error,36398,53,False,39957,
339,2021-11-17T15:06:19.608Z,31.0,31.0,192.168.57.253,test,SERVFAIL,answer,62,192.168.57.24,Error,44174,53,False,18717,
340,2021-11-17T15:06:19.606Z,31.0,31.0,192.168.57.253,test,SERVFAIL,answer,62,192.168.57.24,Error,41248,53,False,18717,
341,2021-11-17T15:06:19.606Z,31.0,31.0,192.168.57.253,test,SERVFAIL,answer,62,192.168.57.24,Error,50951,53,False,39957,
342,2021-11-17T15:06:19.601Z,41.0,41.0,192.168.57.253,ctldl.windowsupdate.com,NOERROR,answer,258,10.4.6.129,OK,61372,53,False,31688,"[wu-shim.trafficmanager.net"";""fg.download.windowsupdate.com.c.footprint.net"";""200.32.103.248"";""8.241.201.254"";""8.241.201.126"";""8.241.202.126"";""200.55.44.254""]"""
343,2021-11-17T15:06:19.600Z,37.0,37.0,192.168.57.253,ubuntu16.reda1.com.ar,NOERROR,answer,137,192.168.57.23,OK,43277,53,False,64563,
344,2021-11-17T15:06:19.600Z,37.0,37.0,192.168.57.253,ubuntu16.reda1.com.ar,NOERROR,answer,137,192.168.57.23,OK,43277,53,False,25692,
345,2021-11-17T15:06:19.599Z,26.0,26.0,192.168.57.253,ubuntu16,SERVFAIL,answer,52,192.168.57.23,Error,57264,53,False,50362,
346,2021-11-17T15:06:19.599Z,26.0,26.0,192.168.57.253,ubuntu16,SERVFAIL,answer,52,192.168.57.23,Error,57264,53,False,37137,
347,2021-11-17T15:06:19.599Z,33.0,33.0,192.168.57.253,creativecdn.com,NOERROR,answer,144,192.168.250.102,OK,52179,53,False,11499,
348,2021-11-17T15:06:19.598Z,26.0,26.0,192.168.57.253,ubuntu16,SERVFAIL,answer,52,192.168.57.23,Error,57264,53,False,50362,
349,2021-11-17T15:06:19.598Z,26.0,26.0,192.168.57.253,ubuntu16,SERVFAIL,answer,52,192.168.57.23,Error,57264,53,False,37137,
350,2021-11-17T15:06:19.597Z,73.0,73.0,8.8.8.8,global.asimov.events.data.trafficmanager.net,NOERROR,answer,218,192.168.57.253,OK,61006,53,False,52516,"[onedscolprdeus06.eastus.cloudapp.azure.com"";""20.42.73.25""]"""
351,2021-11-17T15:06:19.597Z,48.0,48.0,8.8.8.8,clients2.google.com,NOERROR,answer,136,192.168.57.253,OK,60121,53,False,12832,"[clients.l.google.com"";""172.217.162.238""]"""
352,2021-11-17T15:06:19.597Z,44.0,44.0,8.8.8.8,iris.mwbsys.com,NOERROR,answer,120,192.168.57.253,OK,61154,53,False,44533,"[54.90.88.30"";""18.209.74.159""]"""
353,2021-11-17T15:06:19.596Z,41.0,41.0,200.32.10.123,a-lb.cdtx.co,NOERROR,answer,302,192.168.57.253,OK,61110,53,False,7560,209.58.138.146
354,2021-11-17T15:06:19.571Z,44.0,44.0,200.32.10.115,app.picreel.com,NOERROR,answer,322,192.168.57.253,OK,59966,53,False,53835,"[35.167.195.195"";""52.88.176.106""]"""
355,2021-11-17T15:06:19.570Z,33.0,33.0,192.168.57.253,app.picreel.com,NOERROR,answer,98,10.4.7.29,OK,51362,53,False,35466,"[35.167.195.195"";""52.88.176.106""]"""
356,2021-11-17T15:06:19.539Z,41.0,41.0,192.168.57.253,www.msftconnecttest.com,NOERROR,answer,218,192.168.110.132,OK,54414,53,False,61164,"[ncsi-geo.trafficmanager.net"";""v4ncsi.msedge.net"";""ncsi.4-c-0003.c-msedge.net"";""4-c-0003.c-msedge.net"";""13.107.4.52""]"""
357,2021-11-17T15:06:19.479Z,33.0,33.0,192.168.57.253,wpad.reda1.com.ar,NOERROR,answer,129,192.168.20.62,OK,61820,53,False,28299,
358,2021-11-17T15:06:19.463Z,33.0,33.0,192.168.57.253,wpad.reda1.com.ar,NOERROR,answer,129,192.168.20.99,OK,54582,53,False,44131,
359,2021-11-17T15:06:19.450Z,33.0,33.0,192.168.57.253,wpad.reda1.com.ar,NOERROR,answer,129,192.168.10.177,OK,56883,53,False,1701,
360,2021-11-17T15:06:19.443Z,33.0,33.0,192.168.57.253,wpad.reda1.com.ar,NOERROR,answer,129,192.168.7.25,OK,54302,53,False,62046,
361,2021-11-17T15:06:19.438Z,33.0,33.0,192.168.57.253,wpad.reda1.com.ar,NOERROR,answer,129,10.4.6.119,OK,50576,53,False,32495,
362,2021-11-17T15:06:19.392Z,35.0,35.0,192.168.57.253,goleta.reda1.com.ar,NOERROR,answer,109,192.168.57.210,OK,60256,53,False,10079,"[bulgaria.reda1.com.ar"";""192.168.2.49""]"""
363,2021-11-17T15:06:19.391Z,45.0,45.0,200.32.10.115,mantle.terra.dev,NOERROR,answer,1141,192.168.57.253,OK,60940,53,False,41232,"[mantle.terra.dev.cdn.cloudflare.net"";""104.18.31.143"";""104.18.30.143"";""TYh5QP9ByWK5AWNCyS2M2EMtYfep5SklD+u7clTlpDzH6qjmac0I1c6I4eWJAX8rSvBQ+kRIBQkKtsZt2MI1Xw==""]"""
364,2021-11-17T15:06:19.390Z,34.0,34.0,192.168.57.253,mantle.terra.dev,NOERROR,answer,149,192.168.170.73,OK,63273,53,False,33258,"[mantle.terra.dev.cdn.cloudflare.net"";""104.18.31.143"";""104.18.30.143""]"""
365,2021-11-17T15:06:19.380Z,43.0,43.0,200.32.10.115,ag.innovid.com,NOERROR,answer,566,192.168.57.253,OK,60113,53,False,37864,"[ag-6-split.ag.innovid.com.akadns.net"";""aws-oreg-cali-virg.ag.innovid.com.akadns.net"";""aragorn-oreg-prod.inbake.com"";""aragorn-prod-or-lb.inbake.com"";""54.244.11.110"";""35.161.190.126"";""54.187.197.198"";""34.217.183.244"";""35.160.203.90"";""54.191.207.25"";""52.89.164.28"";""52.43.94.210""]"""
366,2021-11-17T15:06:19.379Z,32.0,32.0,192.168.57.253,ag.innovid.com,NOERROR,answer,347,10.4.6.155,OK,61149,53,False,52603,"[ag-6-split.ag.innovid.com.akadns.net"";""aws-oreg-cali-virg.ag.innovid.com.akadns.net"";""aragorn-oreg-prod.inbake.com"";""aragorn-prod-or-lb.inbake.com"";""54.244.11.110"";""35.161.190.126"";""54.187.197.198"";""34.217.183.244"";""35.160.203.90"";""54.191.207.25"";""52.89.164.28"";""52.43.94.210""]"""
367,2021-11-17T15:06:19.367Z,39.0,39.0,192.168.57.253,s.amazon-adsystem.com,NOERROR,answer,94,10.4.24.55,OK,60458,53,False,22931,209.54.180.144
368,2021-11-17T15:06:19.355Z,33.0,33.0,192.168.57.253,wpad.reda1.com.ar,NOERROR,answer,129,10.4.15.189,OK,57710,53,False,32910,
369,2021-11-17T15:06:19.342Z,42.0,42.0,200.32.10.115,rtb.adgrx.com,NOERROR,answer,584,192.168.57.253,OK,61885,53,False,47643,"[rtb.adgrx.com.tech.akadns.net"";""173.231.178.83""]"""
370,2021-11-17T15:06:19.341Z,30.0,30.0,192.168.57.253,cm.adgrx.com,NOERROR,answer,137,10.4.24.55,OK,53600,53,False,8518,"[rtb.adgrx.com"";""rtb.adgrx.com.tech.akadns.net"";""173.231.178.83""]"""
371,2021-11-17T15:06:19.334Z,41.0,41.0,192.168.57.253,www.msftconnecttest.com,NOERROR,answer,218,10.2.154.146,OK,52514,53,False,17933,"[ncsi-geo.trafficmanager.net"";""v4ncsi.msedge.net"";""ncsi.4-c-0003.c-msedge.net"";""4-c-0003.c-msedge.net"";""13.107.4.52""]"""
372,2021-11-17T15:06:19.304Z,60.0,60.0,200.32.10.115,media.faep36-1.fna.whatsapp.net,NOERROR,answer,383,192.168.57.253,OK,60454,53,False,56183,190.104.240.161
373,2021-11-17T15:06:19.303Z,49.0,49.0,192.168.57.253,media.faep36-1.fna.whatsapp.net,NOERROR,answer,114,192.168.250.101,OK,57678,53,False,14315,190.104.240.161
374,2021-11-17T15:06:19.295Z,59.0,59.0,200.32.10.115,media.faep9-1.fna.whatsapp.net,NOERROR,answer,381,192.168.57.253,OK,60570,53,False,22854,181.30.193.34
375,2021-11-17T15:06:19.294Z,48.0,48.0,192.168.57.253,media.faep9-1.fna.whatsapp.net,NOERROR,answer,112,192.168.2.185,OK,64680,53,False,5764,181.30.193.34
376,2021-11-17T15:06:19.231Z,40.0,40.0,192.168.57.253,trc-events.taboola.com,NOERROR,answer,148,192.168.157.95,OK,49552,53,False,16254,"[us-trc-events.taboola.com"";""us-vip001.taboola.com"";""141.226.224.48""]"""
377,2021-11-17T15:06:19.223Z,36.0,36.0,192.168.57.253,cdn.ampproject.org,NOERROR,answer,114,192.168.160.117,OK,54067,53,False,53362,"[cdn-content.ampproject.org"";""142.250.79.65""]"""
378,2021-11-17T15:06:19.155Z,47.0,47.0,192.168.57.253,v10.events.data.microsoft.com,NOERROR,answer,221,10.2.116.104,OK,62593,53,False,10857,"[global.asimov.events.data.trafficmanager.net"";""onedscolprdeus06.eastus.cloudapp.azure.com"";""20.42.73.25""]"""
379,2021-11-17T15:06:19.117Z,38.0,38.0,192.168.57.253,beacons.gcp.gvt2.com,NOERROR,answer,122,10.4.4.109,OK,63621,53,False,65198,"[beacons-handoff.gcp.gvt2.com"";""172.217.162.227""]"""
380,2021-11-17T15:06:19.066Z,38.0,38.0,192.168.57.253,fonts.googllapis.com,NOERROR,answer,92,192.168.160.117,OK,49788,53,False,5332,63.141.242.46
381,2021-11-17T15:06:19.052Z,41.0,41.0,192.168.57.253,www.msftconnecttest.com,NOERROR,answer,218,10.2.154.132,OK,64845,53,False,17329,"[ncsi-geo.trafficmanager.net"";""v4ncsi.msedge.net"";""ncsi.4-c-0003.c-msedge.net"";""4-c-0003.c-msedge.net"";""13.107.4.52""]"""
382,2021-11-17T15:06:18.946Z,33.0,33.0,192.168.57.253,www.youtube.com,NOERROR,answer,308,192.168.160.117,OK,60125,53,False,24933,"[youtube-ui.l.google.com"";""142.250.79.78"";""172.217.173.174"";""142.250.79.174"";""142.250.79.110"";""172.217.173.142"";""172.217.172.110"";""172.217.162.238"";""172.217.29.206"";""142.250.79.142"";""172.217.172.78"";""216.58.202.110"";""216.58.202.78"";""172.217.173.238""]"""
383,2021-11-17T15:06:18.932Z,54.0,54.0,200.32.10.115,e7876.dscg.akamaiedge.net,NOERROR,answer,448,192.168.57.253,OK,60797,53,False,3737,23.197.235.69
384,2021-11-17T15:06:18.931Z,45.0,45.0,192.168.57.253,secure.insightexpressai.com,NOERROR,answer,204,192.168.101.99,OK,56278,53,False,50275,"[global-wildcard.insightexpressai.com.edgekey.net"";""e7876.dscg.akamaiedge.net"";""23.197.235.69""]"""
385,2021-11-17T15:06:18.895Z,43.0,43.0,200.32.10.115,pro.ip-api.com,NOERROR,answer,166,192.168.57.253,OK,61787,53,False,30648,177.54.150.50
386,2021-11-17T15:06:18.894Z,32.0,32.0,192.168.57.253,pro.ip-api.com,NOERROR,answer,80,192.168.211.63,OK,58212,53,False,21832,177.54.150.50
387,2021-11-17T15:06:18.838Z,34.0,34.0,192.168.57.253,www.msftncsi.com,NOERROR,answer,174,192.168.123.54,OK,52111,53,False,57656,"[www.msftncsi.com.edgesuite.net"";""a1961.g2.akamai.net"";""181.30.131.177"";""181.30.131.59""]"""
388,2021-11-17T15:06:18.824Z,41.0,41.0,192.168.57.253,STORAGE-CC01.reda1.com.ar,NOERROR,answer,98,192.168.214.220,OK,64972,53,False,1094,192.168.2.215
389,2021-11-17T15:06:18.806Z,40.0,40.0,192.168.57.253,client.wns.windows.com,NOERROR,answer,139,10.3.229.61,OK,53594,53,False,45726,"[wns.notify.trafficmanager.net"";""52.226.139.185""]"""
390,2021-11-17T15:06:18.713Z,35.0,35.0,192.168.57.253,mab.chartbeat.com,NOERROR,query,35,192.168.160.104,Error,62756,53,False,20245,
391,2021-11-17T15:06:18.703Z,33.0,33.0,192.168.57.253,wpad.reda1.com.ar,NOERROR,query,33,192.168.33.104,Error,53794,53,False,46325,
392,2021-11-17T15:06:18.695Z,,,192.168.57.253,wpad.reda1.com.ar,NOERROR,answer,96,192.168.37.93,Error,63640,53,False,12075,
393,2021-11-17T15:06:18.695Z,,,192.168.57.253,wpad.reda1.com.ar,NOERROR,answer,96,192.168.34.127,Error,62371,53,False,10777,
394,2021-11-17T15:06:18.695Z,49.0,49.0,8.8.8.8,miamienglishspot.com,NOERROR,answer,114,192.168.57.253,OK,60558,53,False,43392,162.214.53.68
395,2021-11-17T15:06:18.694Z,63.0,63.0,8.8.8.8,service.idsync.analytics.yahoo.com,NOERROR,answer,229,192.168.57.253,OK,61925,53,False,42317,"[service.sp-ats.aolp-ds-prd.aws.oath.cloud"";""54.175.87.114"";""52.45.33.138"";""3.218.90.66""]"""
396,2021-11-17T15:06:18.693Z,34.0,34.0,192.168.57.253,mtalk.google.com,NOERROR,answer,113,192.168.23.149,OK,61779,53,False,14126,"[mobile-gtalk.l.google.com"";""64.233.186.188""]"""
397,2021-11-17T15:06:18.684Z,88.0,88.0,200.32.10.115,uplynk-beacon-newvpc-2099835900.us-west-1.elb.amazonaws.com,NOERROR,answer,257,192.168.57.253,OK,61920,53,False,29365,
398,2021-11-17T15:06:18.683Z,77.0,77.0,192.168.57.253,uplynk-beacon-newvpc-2099835900.us-west-1.elb.amazonaws.com,NOERROR,answer,235,192.168.250.102,OK,63983,53,False,43015,
399,2021-11-17T15:06:18.637Z,36.0,36.0,192.168.57.253,Proxy01.reda1.com.ar,NOERROR,answer,135,192.168.64.225,OK,60151,53,False,64564,
400,2021-11-17T15:06:18.604Z,34.0,34.0,192.168.57.253,beacons.gvt2.com,NOERROR,answer,107,192.168.242.86,OK,54940,53,False,31387,"[beacons6.gvt2.com"";""216.58.202.67""]"""
401,2021-11-17T15:06:18.593Z,52.0,52.0,200.32.10.115,onevideosync.uplynk.com,NOERROR,answer,479,192.168.57.253,OK,60686,53,False,17293,"[uplynk.adaptv.advertising.com"";""uplynk-geo.adap.tv"";""uplynk-beacon-newvpc-2099835900.us-west-1.elb.amazonaws.com"";""54.176.96.184"";""50.18.174.202""]"""
402,2021-11-17T15:06:18.592Z,41.0,41.0,192.168.57.253,onevideosync.uplynk.com,NOERROR,answer,256,192.168.250.102,OK,53928,53,False,62024,"[uplynk.adaptv.advertising.com"";""uplynk-geo.adap.tv"";""uplynk-beacon-newvpc-2099835900.us-west-1.elb.amazonaws.com"";""54.176.96.184"";""50.18.174.202""]"""
403,2021-11-17T15:06:18.574Z,36.0,36.0,192.168.57.253,proxy01.reda1.com.ar,NOERROR,answer,135,192.168.64.204,OK,60016,53,False,32396,
404,2021-11-17T15:06:18.563Z,46.0,46.0,200.32.10.115,mcloud.mcafee.com,NOERROR,answer,188,192.168.57.253,OK,60125,53,False,6528,"[mcloud.gslb2.mcafee.com"";""161.69.49.62""]"""
405,2021-11-17T15:06:18.562Z,35.0,35.0,192.168.57.253,mcloud.mcafee.com,NOERROR,answer,113,192.168.2.185,OK,52148,53,False,64820,"[mcloud.gslb2.mcafee.com"";""161.69.49.62""]"""
406,2021-11-17T15:06:18.512Z,51.0,51.0,200.32.10.115,e6603.g.akamaiedge.net,NOERROR,answer,418,192.168.57.253,OK,60271,53,False,26200,23.197.209.33
407,2021-11-17T15:06:18.511Z,34.0,34.0,192.168.57.253,ads.pubmatic.com,NOERROR,answer,151,10.4.24.55,OK,54034,53,False,31558,"[pubmatic.edgekey.net"";""e6603.g.akamaiedge.net"";""23.197.209.33""]"""
408,2021-11-17T15:06:18.496Z,80.0,80.0,200.32.10.115,vmss-clarity-ingest-eus-b.eastus.cloudapp.azure.com,NOERROR,answer,434,192.168.57.253,OK,61852,53,False,64822,20.84.22.197
409,2021-11-17T15:06:18.495Z,30.0,30.0,192.168.57.253,f.clarity.ms,NOERROR,answer,141,192.168.250.101,OK,58528,53,False,55937,"[vmss-clarity-ingest-eus-b.eastus.cloudapp.azure.com"";""20.84.22.197""]"""
410,2021-11-17T15:06:18.484Z,47.0,47.0,192.168.57.253,v10.events.data.microsoft.com,NOERROR,answer,221,192.168.143.120,OK,49457,53,False,58934,"[global.asimov.events.data.trafficmanager.net"";""onedscolprdeus06.eastus.cloudapp.azure.com"";""20.42.73.25""]"""
411,2021-11-17T15:06:18.465Z,33.0,33.0,192.168.57.253,www.gstatic.com,NOERROR,answer,82,10.4.4.153,OK,52417,53,False,106,216.58.202.67
412,2021-11-17T15:06:18.433Z,29.0,29.0,192.168.57.253,sync.1rx.io,NOERROR,answer,74,192.168.151.51,OK,54944,53,False,22967,199.127.204.142
413,2021-11-17T15:06:18.411Z,53.0,53.0,200.32.10.115,1578389079.rsc.cdn77.org,NOERROR,answer,294,192.168.57.253,OK,61310,53,False,39548,"[195.181.169.24"";""195.181.169.5"";""156.146.36.23"";""89.187.177.16""]"""
414,2021-11-17T15:06:18.410Z,50.0,50.0,192.168.57.253,winscp-static-746341.c.cdn77.org,NOERROR,answer,193,192.168.219.128,OK,52899,53,False,61604,"[1578389079.rsc.cdn77.org"";""195.181.169.24"";""195.181.169.5"";""156.146.36.23"";""89.187.177.16""]"""
415,2021-11-17T15:06:18.393Z,52.0,52.0,200.32.10.115,tps704.doubleverify.com,NOERROR,answer,623,192.168.57.253,OK,61117,53,False,8860,"[cacp-hlb.doubleverify.com"";""cacp-hlb.dvgtm.akadns.net"";""63.251.109.125""]"""
416,2021-11-17T15:06:18.392Z,41.0,41.0,192.168.57.253,tps704.doubleverify.com,NOERROR,answer,160,192.168.250.102,OK,61156,53,False,57050,"[cacp-hlb.doubleverify.com"";""cacp-hlb.dvgtm.akadns.net"";""63.251.109.125""]"""
417,2021-11-17T15:06:18.389Z,54.0,54.0,200.32.10.115,notifications.viafoura.co,NOERROR,answer,392,192.168.57.253,OK,62291,53,False,13939,"[3.210.251.31"";""50.17.45.48"";""54.144.244.112"";""3.226.102.122"";""52.7.16.67""]"""
418,2021-11-17T15:06:18.388Z,43.0,43.0,192.168.57.253,notifications.viafoura.co,NOERROR,answer,166,192.168.126.105,OK,50409,53,False,56086,"[3.210.251.31"";""50.17.45.48"";""54.144.244.112"";""3.226.102.122"";""52.7.16.67""]"""
419,2021-11-17T15:06:18.370Z,33.0,33.0,192.168.57.253,wpad.reda1.com.ar,NOERROR,answer,129,192.168.2.185,OK,54255,53,False,12831,
420,2021-11-17T15:06:18.362Z,37.0,37.0,192.168.57.253,clients2.google.com,NOERROR,answer,114,192.168.20.15,OK,63374,53,False,50199,"[clients.l.google.com"";""142.250.79.110""]"""
421,2021-11-17T15:06:18.358Z,52.0,52.0,200.32.10.115,interaction.viafoura.co,NOERROR,answer,388,192.168.57.253,OK,61542,53,False,49399,"[3.210.251.31"";""3.226.102.122"";""54.144.244.112"";""52.7.16.67"";""50.17.45.48""]"""
422,2021-11-17T15:06:18.357Z,41.0,41.0,192.168.57.253,interaction.viafoura.co,NOERROR,answer,162,192.168.126.105,OK,64283,53,False,65089,"[3.210.251.31"";""3.226.102.122"";""54.144.244.112"";""52.7.16.67"";""50.17.45.48""]"""
423,2021-11-17T15:06:18.316Z,40.0,40.0,192.168.57.253,client.wns.windows.com,NOERROR,answer,139,192.168.203.104,OK,60072,53,False,18159,"[wns.notify.trafficmanager.net"";""52.226.139.185""]"""
424,2021-11-17T15:06:18.299Z,36.0,36.0,192.168.57.253,js-sec.indexww.com,NOERROR,answer,169,10.4.6.155,OK,52965,53,False,3646,"[js-sec.casalemedia.com.edgekey.net"";""e8037.g.akamaiedge.net"";""23.197.215.201""]"""
425,2021-11-17T15:06:18.299Z,49.0,49.0,200.32.10.115,match.deepintent.com,NOERROR,answer,440,192.168.57.253,OK,62118,53,False,19136,"[169.197.150.8"";""169.197.150.7"";""38.91.45.7""]"""
426,2021-11-17T15:06:18.299Z,38.0,38.0,192.168.57.253,match.deepintent.com,NOERROR,answer,124,10.4.6.155,OK,49221,53,False,45080,"[169.197.150.8"";""169.197.150.7"";""38.91.45.7""]"""
427,2021-11-17T15:06:18.249Z,36.0,36.0,192.168.57.253,scomdev.reda1.com.ar,NOERROR,query,36,192.168.57.188,Error,60944,53,False,42039,
428,2021-11-17T15:06:18.249Z,36.0,36.0,192.168.57.253,scomdev.reda1.com.ar,NOERROR,query,36,192.168.57.188,Error,54220,53,False,51520,
429,2021-11-17T15:06:18.206Z,50.0,50.0,200.32.10.115,s09.upd.kaspersky.com,NOERROR,answer,317,192.168.57.253,OK,60283,53,False,62144,4.28.136.42
430,2021-11-17T15:06:18.205Z,39.0,39.0,192.168.57.253,s09.upd.kaspersky.com,NOERROR,answer,150,10.4.6.175,OK,51623,53,False,9032,
431,2021-11-17T15:06:18.205Z,39.0,39.0,192.168.57.253,s09.upd.kaspersky.com,NOERROR,answer,94,10.4.6.175,OK,51624,53,False,10496,4.28.136.42
432,2021-11-17T15:06:18.191Z,42.0,42.0,200.32.10.115,d.dropbox.com,NOERROR,answer,339,192.168.57.253,OK,61139,53,False,19715,"[d.v.dropbox.com"";""d-edge.v.dropbox.com"";""162.125.7.20""]"""
433,2021-11-17T15:06:18.190Z,31.0,31.0,192.168.57.253,d.dropbox.com,NOERROR,answer,117,192.168.250.151,OK,65356,53,False,22124,"[d.v.dropbox.com"";""d-edge.v.dropbox.com"";""162.125.7.20""]"""
434,2021-11-17T15:06:18.183Z,51.0,51.0,200.32.10.115,static.cdn.cadena3.com,NOERROR,answer,580,192.168.57.253,OK,62147,53,False,52646,"[104.22.40.98"";""104.22.41.98"";""172.67.7.183""]"""
435,2021-11-17T15:06:18.182Z,40.0,40.0,192.168.57.253,static.cdn.cadena3.com,NOERROR,answer,128,192.168.179.54,OK,63916,53,False,12175,"[104.22.40.98"";""104.22.41.98"";""172.67.7.183""]"""
436,2021-11-17T15:06:18.115Z,48.0,48.0,192.168.57.253,nexusrules.officeapps.live.com,NOERROR,answer,161,10.3.228.128,OK,63815,53,False,36160,"[prod.nexusrules.live.com.akadns.net"";""52.109.12.18""]"""
437,2021-11-17T15:06:18.048Z,33.0,33.0,192.168.57.253,wpad.reda1.com.ar,NOERROR,answer,129,10.4.7.46,OK,53044,53,False,33586,
438,2021-11-17T15:06:18.006Z,47.0,47.0,192.168.57.253,pagead2.googlesyndication.com,NOERROR,answer,110,10.4.6.230,OK,56114,53,False,47195,142.250.79.162
439,2021-11-17T15:06:17.968Z,51.0,51.0,200.32.10.115,fravega.vteximg.com.br,NOERROR,answer,410,192.168.57.253,OK,59969,53,False,30108,"[d2eata96pgzeqb.cloudfront.net"";""13.227.92.100"";""13.227.92.69"";""13.227.92.98"";""13.227.92.15""]"""
440,2021-11-17T15:06:17.967Z,40.0,40.0,192.168.57.253,fravega.vteximg.com.br,NOERROR,answer,187,10.4.6.155,OK,55460,53,False,50119,"[d2eata96pgzeqb.cloudfront.net"";""13.227.92.100"";""13.227.92.69"";""13.227.92.98"";""13.227.92.15""]"""
441,2021-11-17T15:06:17.958Z,51.0,51.0,200.32.10.115,cds.x3r8v6j3.hwcdn.net,NOERROR,answer,159,192.168.57.253,OK,59928,53,False,49145,
442,2021-11-17T15:06:17.957Z,40.0,40.0,192.168.57.253,cds.x3r8v6j3.hwcdn.net,NOERROR,answer,137,192.168.250.102,OK,61694,53,False,2958,
443,2021-11-17T15:06:17.955Z,63.0,63.0,200.32.10.115,web.vortex.data.trafficmanager.net,NOERROR,answer,303,192.168.57.253,OK,60564,53,False,35631,64.4.54.254
444,2021-11-17T15:06:17.954Z,47.0,47.0,192.168.57.253,web.vortex.data.microsoft.com,NOERROR,answer,158,192.168.250.101,OK,57088,53,False,40788,"[web.vortex.data.trafficmanager.net"";""64.4.54.254""]"""
445,2021-11-17T15:06:17.904Z,57.0,57.0,200.32.10.115,articulo.mercadolibre.com.ar,NOERROR,answer,422,192.168.57.253,OK,62090,53,False,47341,"[d3n1b0ot4n5cbd.cloudfront.net"";""13.227.92.90"";""13.227.92.12"";""13.227.92.15"";""13.227.92.74""]"""
446,2021-11-17T15:06:17.903Z,46.0,46.0,192.168.57.253,articulo.mercadolibre.com.ar,NOERROR,answer,199,192.168.170.72,OK,52185,53,False,4287,"[d3n1b0ot4n5cbd.cloudfront.net"";""13.227.92.15"";""13.227.92.12"";""13.227.92.90"";""13.227.92.74""]"""
447,2021-11-17T15:06:17.890Z,41.0,41.0,192.168.57.253,www.msftconnecttest.com,NOERROR,answer,218,192.168.252.142,OK,57049,53,False,3851,"[ncsi-geo.trafficmanager.net"";""v4ncsi.msedge.net"";""ncsi.4-c-0003.c-msedge.net"";""4-c-0003.c-msedge.net"";""13.107.4.52""]"""
448,2021-11-17T15:06:17.866Z,33.0,33.0,192.168.57.253,wpad.reda1.com.ar,NOERROR,answer,129,10.4.15.88,OK,60240,53,False,9950,
449,2021-11-17T15:06:17.844Z,41.0,41.0,192.168.57.253,www.msftconnecttest.com,NOERROR,answer,218,10.2.154.145,OK,64830,53,False,14692,"[ncsi-geo.trafficmanager.net"";""v4ncsi.msedge.net"";""ncsi.4-c-0003.c-msedge.net"";""4-c-0003.c-msedge.net"";""13.107.4.52""]"""
450,2021-11-17T15:06:17.789Z,41.0,41.0,192.168.57.253,www.msftconnecttest.com,NOERROR,answer,218,10.4.7.122,OK,63825,53,False,27951,"[ncsi-geo.trafficmanager.net"";""v4ncsi.msedge.net"";""ncsi.4-c-0003.c-msedge.net"";""4-c-0003.c-msedge.net"";""13.107.4.52""]"""
451,2021-11-17T15:06:17.781Z,43.0,43.0,200.32.10.115,cm.ctnsnet.com,NOERROR,answer,367,192.168.57.253,OK,61829,53,False,6101,35.186.193.173
452,2021-11-17T15:06:17.780Z,32.0,32.0,192.168.57.253,cm.ctnsnet.com,NOERROR,answer,80,10.3.228.126,OK,64164,53,False,20033,35.186.193.173
453,2021-11-17T15:06:17.776Z,45.0,45.0,192.168.57.253,safebrowsing.googleapis.com,NOERROR,answer,106,10.4.6.90,OK,50861,53,False,47912,172.217.173.138
454,2021-11-17T15:06:17.772Z,34.0,34.0,192.168.57.253,rtb.adentifi.com,NOERROR,query,34,10.3.228.126,Error,61037,53,False,33079,
455,2021-11-17T15:06:17.769Z,52.0,52.0,200.32.10.115,casale-match.dotomi.com,NOERROR,answer,621,192.168.57.253,OK,60858,53,False,22492,"[bfp.global.dual.dotomi.weighted.com.akadns.net"";""159.127.41.201""]"""
456,2021-11-17T15:06:17.768Z,41.0,41.0,192.168.57.253,casale-match.dotomi.com,NOERROR,answer,158,10.3.228.126,OK,51089,53,False,64784,"[bfp.global.dual.dotomi.weighted.com.akadns.net"";""205.180.87.169""]"""
457,2021-11-17T15:06:17.715Z,50.0,50.0,200.32.10.115,a1991.dscc.akamai.net,NOERROR,answer,456,192.168.57.253,OK,61411,53,False,54264,"[200.42.33.16"";""200.42.33.152""]"""
458,2021-11-17T15:06:17.714Z,58.0,58.0,192.168.57.253,audio-akp-quic-spotify-com.akamaized.net,NOERROR,answer,180,192.168.5.163,OK,63207,53,False,26013,"[a1991.dscc.akamai.net"";""200.42.33.16"";""200.42.33.152""]"""
459,2021-11-17T15:06:17.692Z,59.0,59.0,200.32.10.115,media.faep8-2.fna.whatsapp.net,NOERROR,answer,381,192.168.57.253,OK,61944,53,False,25254,181.30.193.226
460,2021-11-17T15:06:17.692Z,87.0,87.0,200.32.10.115,wupk5qwifiqsaymvdj3a-f-831f6ced1-clientnsv4-s.akamaihd.net,NOERROR,answer,611,192.168.57.253,OK,61554,53,False,1073,"[wupk5qwifiqsaymvdj3a-f-831f6ced1.ipv4-only.cname.clienttons.com"";""a248.b.akamai.net"";""200.42.33.48"";""200.42.33.33""]"""
461,2021-11-17T15:06:17.682Z,42.0,42.0,192.168.57.253,ssum-sec.casalemedia.com,NOERROR,answer,183,10.4.6.155,OK,62864,53,False,45032,"[ssum-sec.casalemedia.com.edgekey.net"";""e8037.g.akamaiedge.net"";""23.197.215.201""]"""
462,2021-11-17T15:06:17.674Z,33.0,33.0,192.168.57.253,wpad.reda1.com.ar,NOERROR,answer,129,192.168.2.185,OK,52930,53,False,51480,
463,2021-11-17T15:06:17.659Z,33.0,33.0,192.168.57.253,wpad.reda1.com.ar,NOERROR,answer,129,10.4.5.99,OK,51918,53,False,34762,
464,2021-11-17T15:06:17.641Z,33.0,33.0,192.168.57.253,wpad.reda1.com.ar,NOERROR,answer,129,192.168.31.101,OK,62857,53,False,50900,
465,2021-11-17T15:06:17.640Z,43.0,43.0,192.168.57.253,us-vid-events.taboola.com,NOERROR,answer,126,192.168.151.51,OK,53240,53,False,44621,"[us-vip001.taboola.com"";""141.226.224.48""]"""
466,2021-11-17T15:06:17.606Z,48.0,48.0,192.168.57.253,media.faep8-2.fna.whatsapp.net,NOERROR,answer,112,192.168.121.137,OK,53149,53,False,2378,181.30.193.226
467,2021-11-17T15:06:17.604Z,76.0,76.0,192.168.57.253,wupk5qwifiqsaymvdj3a-f-831f6ced1-clientnsv4-s.akamaihd.net,NOERROR,answer,289,192.168.26.116,OK,56546,53,False,26179,"[wupk5qwifiqsaymvdj3a-f-831f6ced1.ipv4-only.cname.clienttons.com"";""a248.b.akamai.net"";""200.42.33.48"";""200.42.33.33""]"""
468,2021-11-17T15:06:17.601Z,42.0,42.0,200.32.10.115,s.innovid.com,NOERROR,answer,580,192.168.57.253,OK,60095,53,False,6651,"[stats-5-split-vohnu.s.innovid.com.akadns.net"";""aws-oregon-ohio-virginia.s.innovid.com.akadns.net"";""stats-oreg-prod.inbake.com"";""kube-stats-prod-or-lbj.inbake.com"";""54.244.194.212"";""35.166.23.99"";""44.238.222.143"";""44.237.97.225"";""52.26.220.46"";""54.201.1.200"";""52.39.189.26"";""54.149.73.212""]"""
469,2021-11-17T15:06:17.600Z,31.0,31.0,192.168.57.253,s.innovid.com,NOERROR,answer,361,10.4.6.155,OK,64071,53,False,48017,"[stats-5-split-vohnu.s.innovid.com.akadns.net"";""aws-oregon-ohio-virginia.s.innovid.com.akadns.net"";""stats-oreg-prod.inbake.com"";""kube-stats-prod-or-lbj.inbake.com"";""54.244.194.212"";""35.166.23.99"";""44.238.222.143"";""44.237.97.225"";""52.26.220.46"";""54.201.1.200"";""52.39.189.26"";""54.149.73.212""]"""
470,2021-11-17T15:06:17.583Z,75.0,75.0,200.32.10.115,ciencias-juridicas.campusvirtual.ucasal.edu.ar,NOERROR,answer,269,192.168.57.253,OK,61058,53,False,47796,"[mdljur21.campusvirtual.ucasal.edu.ar"";""200.10.180.195""]"""
471,2021-11-17T15:06:17.582Z,64.0,64.0,192.168.57.253,ciencias-juridicas.campusvirtual.ucasal.edu.ar,NOERROR,answer,167,10.3.228.100,OK,62305,53,False,36409,"[mdljur21.campusvirtual.ucasal.edu.ar"";""200.10.180.195""]"""
472,2021-11-17T15:06:17.555Z,38.0,38.0,192.168.57.253,connect.facebook.net,NOERROR,answer,124,10.4.7.29,OK,54873,53,False,34742,"[scontent.xx.fbcdn.net"";""31.13.94.24""]"""
473,2021-11-17T15:06:17.529Z,31.0,31.0,192.168.57.253,cs.emxdgt.com,NOERROR,answer,78,192.168.151.51,OK,59889,53,False,943,18.195.155.181
474,2021-11-17T15:06:17.500Z,34.0,34.0,192.168.57.253,s3.amazonaws.com,NOERROR,answer,84,192.168.11.79,OK,49683,53,False,4620,3.5.20.150
475,2021-11-17T15:06:17.411Z,79.0,79.0,192.168.57.253,_kerberos._tcp.Sitio-sit-Peru-555._sites.dc._msdcs.reda1.com.ar,NOERROR,answer,215,192.168.20.10,OK,51170,53,False,20962,cap51-f000.reda1.com.ar
476,2021-11-17T15:06:17.406Z,33.0,33.0,192.168.57.253,ssl.gstatic.com,NOERROR,answer,82,192.168.2.185,OK,57776,53,False,41345,172.217.29.195
477,2021-11-17T15:06:17.393Z,41.0,41.0,192.168.57.253,stats.g.doubleclick.net,NOERROR,answer,168,192.168.210.138,OK,62358,53,False,1719,"[stats.l.doubleclick.net"";""142.251.0.157"";""142.251.0.154"";""142.251.0.155"";""142.251.0.156""]"""
478,2021-11-17T15:06:17.385Z,38.0,38.0,192.168.57.253,ad.sxp.smartclip.net,NOERROR,answer,92,192.168.70.129,OK,65442,53,False,32892,35.186.194.101
479,2021-11-17T15:06:17.369Z,33.0,33.0,192.168.57.253,ad.360yield.com,NOERROR,answer,254,10.3.228.126,OK,50329,53,False,55859,"[ice.360yield.com"";""ar-ice.360yield.com"";""na-ice.360yield.com"";""54.89.30.31"";""44.195.117.16"";""52.55.165.57"";""52.54.231.250"";""3.211.206.183"";""3.86.20.123"";""35.170.178.160"";""54.197.159.115""]"""
480,2021-11-17T15:06:17.368Z,49.0,49.0,200.32.10.115,ad.sxp.smartclip.net,NOERROR,answer,314,192.168.57.253,OK,60713,53,False,62488,35.186.194.101
481,2021-11-17T15:06:17.368Z,38.0,38.0,192.168.57.253,ad.sxp.smartclip.net,NOERROR,answer,92,192.168.70.129,OK,65353,53,False,42956,35.186.194.101
482,2021-11-17T15:06:17.366Z,36.0,36.0,192.168.57.253,www.googleapis.com,NOERROR,answer,280,192.168.58.74,OK,60539,53,False,60187,"[172.217.173.234"";""172.217.29.202"";""172.217.173.138"";""172.217.173.170"";""142.250.79.138"";""216.58.202.74"";""172.217.172.106"";""172.217.162.234"";""142.250.79.170"";""172.217.172.74"";""142.250.79.74"";""142.250.79.106"";""216.58.202.106""]"""
483,2021-11-17T15:06:17.350Z,35.0,35.0,192.168.57.253,login.windows.net,NOERROR,answer,311,10.3.228.128,OK,55267,53,False,17851,"[a.privatelink.msidentity.com"";""prda.aadg.msidentity.com"";""www.tm.a.prd.aadg.trafficmanager.net"";""20.190.173.146"";""20.190.173.65"";""20.190.173.144"";""40.126.45.18"";""20.190.173.66"";""40.126.45.17"";""20.190.173.145"";""40.126.45.20""]"""
484,2021-11-17T15:06:17.326Z,43.0,43.0,192.168.57.253,nexus.officeapps.live.com,NOERROR,answer,148,10.3.228.128,OK,51845,53,False,56334,"[prod-w.nexus.live.com.akadns.net"";""52.109.12.22""]"""
485,2021-11-17T15:06:17.305Z,44.0,44.0,192.168.57.253,licensing.mp.microsoft.com,NOERROR,answer,271,10.3.228.83,OK,52193,53,False,42510,"[consumer-licensing-aks2aks.md.mp.microsoft.com.akadns.net"";""consumer-licensing-aks2aks-uswest.md.mp.microsoft.com.akadns.net"";""wus2.frontdoor.licensing.commerce.microsoft.com"";""52.143.82.23""]"""
486,2021-11-17T15:06:17.284Z,41.0,41.0,192.168.57.253,www.msftconnecttest.com,NOERROR,answer,218,192.168.203.141,OK,62950,53,False,65134,"[ncsi-geo.trafficmanager.net"";""v4ncsi.msedge.net"";""ncsi.4-c-0003.c-msedge.net"";""4-c-0003.c-msedge.net"";""13.107.4.52""]"""
487,2021-11-17T15:06:17.169Z,89.0,89.0,200.32.10.115,prod1.naturallanguageeditorservice.osi.office.net.akadns.net,NOERROR,answer,706,192.168.57.253,OK,62049,53,False,35673,"[prod-all.naturallanguageeditorservice.osi.office.net.akadns.net"";""52.109.108.3"";""52.109.108.10"";""52.109.108.9"";""52.109.108.41""]"""
488,2021-11-17T15:06:17.168Z,41.0,41.0,192.168.57.253,nleditor.osi.office.net,NOERROR,answer,240,192.168.132.90,OK,56547,53,False,57667,"[prod1.naturallanguageeditorservice.osi.office.net.akadns.net"";""prod-all.naturallanguageeditorservice.osi.office.net.akadns.net"";""52.109.108.3"";""52.109.108.10"";""52.109.108.9"";""52.109.108.41""]"""
489,2021-11-17T15:06:17.128Z,32.0,32.0,192.168.57.253,www.google.com,NOERROR,answer,80,192.168.114.54,OK,57955,53,False,47405,172.217.173.132
490,2021-11-17T15:06:17.110Z,33.0,33.0,192.168.57.253,wpad.reda1.com.ar,NOERROR,query,33,192.168.25.121,Error,51786,53,False,35556,
491,2021-11-17T15:06:17.109Z,54.0,54.0,200.32.10.115,e673.dsce9.akamaiedge.net,NOERROR,answer,456,192.168.57.253,OK,61690,53,False,54697,23.77.220.222
492,2021-11-17T15:06:17.107Z,38.0,38.0,192.168.57.253,is1-ssl.mzstatic.com,NOERROR,answer,224,10.4.6.201,OK,51387,53,False,6148,"[is-ssl.mzstatic.com.itunes-apple.com.akadns.net"";""mzstatic.com.edgekey.net"";""e673.dsce9.akamaiedge.net"";""23.77.220.222""]"""
493,2021-11-17T15:06:17.095Z,32.0,32.0,192.168.57.253,login.live.com,NOERROR,answer,337,192.168.132.90,OK,64403,53,False,63881,"[login.msa.msidentity.com"";""www.tm.lg.prod.aadmsa.trafficmanager.net"";""prda.aadg.msidentity.com"";""www.tm.a.prd.aadg.trafficmanager.net"";""40.126.45.20"";""20.190.173.146"";""20.190.173.65"";""20.190.173.144"";""40.126.45.18"";""20.190.173.66"";""40.126.45.17"";""20.190.173.145""]"""
494,2021-11-17T15:06:17.032Z,34.0,34.0,192.168.57.253,www.msftncsi.com,NOERROR,answer,174,10.4.7.7,OK,52824,53,False,47343,"[www.msftncsi.com.edgesuite.net"";""a1961.g2.akamai.net"";""181.30.131.59"";""181.30.131.177""]"""
495,2021-11-17T15:06:17.021Z,93.0,93.0,200.32.10.115,4e81d3be474f290440283ce723ce336e.safeframe.googlesyndication.com,NOERROR,answer,493,192.168.57.253,OK,61244,53,False,48598,"[pagead-googlehosted.l.google.com"";""172.217.172.65""]"""
496,2021-11-17T15:06:17.020Z,82.0,82.0,192.168.57.253,4e81d3be474f290440283ce723ce336e.safeframe.googlesyndication.com,NOERROR,answer,223,192.168.192.119,OK,58551,53,False,60113,"[pagead-googlehosted.l.google.com"";""142.250.79.129""]"""
497,2021-11-17T15:06:16.994Z,33.0,33.0,192.168.57.253,wpad.reda1.com.ar,NOERROR,answer,129,10.3.229.148,OK,58990,53,False,24653,
498,2021-11-17T15:06:16.961Z,33.0,33.0,192.168.57.253,docs.google.com,NOERROR,answer,82,192.168.190.249,OK,59864,53,False,64303,142.250.79.142
